sample_id,chunk,truth_p_s,truth_s_s,phasenet_p,pickblue_p,obst_p
XO.LT07..HH.2018.05.12.20.49.55,201805,44.99,58.72,0,1,1
XO.LT06..HH.2018.05.12.20.49.48,201805,45.0,52.5,0,1,1
XO.LT07..HH.2018.05.13.11.47.49,201805,,44.99,0,1,1
XO.LT14..HH.2018.05.13.16.49.13,201805,44.99,,0,1,1
XO.LT14..HH.2018.05.13.18.48.42,201805,44.99,,0,1,1
XO.LT06..HH.2018.05.14.09.20.39,201805,44.99,54.87,0,1,1
XO.LT07..HH.2018.05.15.13.02.52,201805,45.0,,1,1,1
XO.LD36..HH.2018.05.15.13.54.09,201805,44.99,,0,1,1
XO.LA25..HH.2018.05.15.13.54.12,201805,45.0,74.84,0,1,1
XO.LT07..HH.2018.05.15.10.17.37,201805,,44.99,0,1,1
XO.LT14..HH.2018.05.15.19.26.15,201805,44.99,56.74,0,1,1
XO.LT07..HH.2018.05.16.12.54.57,201805,45.0,52.96,0,1,1
XO.LT07..HH.2018.05.18.22.11.25,201805,44.99,55.34,0,1,1
XO.LT17..HH.2018.05.19.02.03.22,201805,44.99,59.82,0,1,1
XO.LT18..HH.2018.05.19.02.03.22,201805,45.0,60.27,0,1,1
XO.LT12..HH.2018.05.19.17.46.44,201805,45.0,53.65,0,1,1
XO.LT14..HH.2018.05.19.17.46.44,201805,45.0,54.4,0,1,1
XO.LT20..HH.2018.05.19.19.23.05,201805,45.0,53.59,0,1,1
XO.LT17..HH.2018.05.19.22.03.45,201805,44.99,56.98,0,1,1
XO.LT17..HH.2018.05.20.00.22.24,201805,44.99,58.13,0,1,1
XO.LT20..HH.2018.05.20.00.22.19,201805,44.99,52.98,0,1,1
XO.LA25..HH.2018.05.21.03.48.10,201805,44.99,80.04,0,1,1
XO.LT10..HH.2018.05.21.03.48.30,201805,,44.99,0,0,1
XO.LT14..HH.2018.05.21.04.42.07,201805,44.99,76.0,0,1,1
XO.LA30..HH.2018.05.21.04.42.52,201805,,45.0,1,1,0
XO.LA33..HH.2018.05.21.19.58.59,201805,45.0,70.45,0,1,1
XO.LT18..HH.2018.05.22.23.57.53,201805,44.99,54.5,0,1,1
XO.LT17..HH.2018.05.22.23.57.56,201805,44.99,56.52,0,0,1
XO.LT18..HH.2018.05.22.05.23.43,201805,44.99,50.96,0,1,1
XO.LT18..HH.2018.05.22.11.57.00,201805,44.99,53.0,0,1,1
XO.LT13..HH.2018.05.22.11.57.14,201805,44.99,,0,0,1
XO.LT14..HH.2018.05.23.05.00.54,201805,45.0,,0,1,1
XO.LT15..HH.2018.05.23.00.51.43,201805,,45.0,0,0,1
XO.LA25..HH.2018.05.23.00.51.49,201805,45.0,,0,1,0
XO.LD36..HH.2018.05.23.00.51.50,201805,44.99,,0,1,1
XO.LD41..HH.2018.05.24.03.19.38,201805,44.99,69.81,0,1,1
XO.LD41..HH.2018.05.24.12.30.13,201805,45.0,73.95,0,1,1
XO.LT20..HH.2018.05.25.06.03.39,201805,44.99,62.83,0,1,1
XO.LD45..HH.2018.05.25.06.30.42,201805,44.99,,0,1,1
XO.LA26..HH.2018.05.25.06.30.46,201805,44.99,,0,1,1
XO.LA34..HH.2018.05.25.06.30.56,201805,,45.0,0,0,1
XO.LA29..HH.2018.05.25.06.30.57,201805,,45.0,0,0,1
XO.LD41..HH.2018.05.25.04.54.19,201805,45.0,,0,1,1
XO.LD41..HH.2018.05.25.05.36.36,201805,45.0,,0,1,1
XO.LT04..HH.2018.05.25.08.10.32,201805,44.99,58.21,0,0,1
XO.LT04..HH.2018.05.25.08.40.15,201805,44.99,52.26,0,1,1
XO.LT18..HH.2018.05.26.11.55.24,201805,44.99,54.87,0,1,1
XO.LD44..HH.2018.05.26.11.58.59,201805,44.99,,0,1,1
XO.LA33..HH.2018.05.26.11.59.11,201805,44.99,,0,1,1
XO.LD38..HH.2018.05.26.19.37.24,201805,45.0,58.54,0,1,1
XO.LD41..HH.2018.05.26.10.39.55,201805,44.99,,0,1,1
XO.LD40..HH.2018.05.26.14.57.05,201805,,44.99,0,1,1
XO.LD41..HH.2018.05.27.16.25.34,201805,44.99,,0,1,1
XO.LA23..HH.2018.05.27.18.30.11,201805,44.99,57.08,0,1,1
XO.LT06..HH.2018.05.27.18.30.20,201805,44.99,,0,1,1
XO.LA29..HH.2018.05.27.18.30.30,201805,45.0,,0,1,1
XO.LT20..HH.2018.05.27.14.38.01,201805,,44.99,0,1,1
XO.LA32..HH.2018.05.28.07.33.19,201805,45.0,,0,1,1
XO.LT20..HH.2018.05.28.07.32.51,201805,44.99,56.79,0,1,1
XO.LD40..HH.2018.05.28.04.25.32,201805,,45.0,0,0,0
XO.LT01..HH.2018.05.28.08.07.29,201805,,44.99,1,1,1
XO.LD41..HH.2018.05.28.12.50.00,201805,,45.0,0,1,1
XO.LA39..HH.2018.05.28.12.49.32,201805,,44.99,0,1,1
XO.LD38..HH.2018.05.29.03.57.24,201805,45.0,65.39,1,1,1
XO.LT20..HH.2018.05.29.21.25.20,201805,44.99,52.84,0,1,1
XO.LT06..HH.2018.05.29.04.40.08,201805,44.99,58.58,0,1,1
XO.LT04..HH.2018.05.29.04.40.11,201805,44.99,61.71,0,1,1
XO.LT07..HH.2018.05.29.04.40.03,201805,44.99,55.34,0,1,1
XO.LA39..HH.2018.05.29.10.05.54,201805,45.0,59.69,0,1,1
XO.LT16..HH.2018.05.30.02.35.18,201805,45.0,,0,1,1
XO.LA26..HH.2018.05.30.02.35.28,201805,44.99,62.39,0,1,1
XO.LT20..HH.2018.05.30.02.35.41,201805,45.0,,0,1,1
XO.LA39..HH.2018.05.30.05.12.11,201805,,44.99,0,0,1
XO.LD41..HH.2018.05.30.20.36.25,201805,45.0,,1,1,1
XO.LA39..HH.2018.05.30.08.25.25,201805,,44.99,0,0,1
XO.LT01..HH.2018.05.30.09.48.51,201805,,44.99,0,0,0
XO.LA39..HH.2018.05.30.10.57.15,201805,45.0,62.96,0,1,1
XO.LD41..HH.2018.05.30.15.34.41,201805,44.99,,0,1,1
XO.LA39..HH.2018.05.30.19.04.27,201805,44.99,58.98,0,1,1
XO.LA39..HH.2018.05.30.21.27.46,201805,,44.99,0,1,1
XO.LT04..HH.2018.05.31.01.58.18,201805,45.0,,0,1,1
XO.LD40..HH.2018.05.31.08.14.27,201805,45.0,,0,1,1
XO.LT06..HH.2018.05.31.10.11.26,201805,,44.99,0,1,1
XO.LD40..HH.2018.05.31.19.02.50,201805,44.99,70.83,0,1,1
XO.LT18..HH.2018.05.31.17.51.09,201805,45.0,55.45,0,1,1
XO.LD41..HH.2018.05.25.12.35.29,201805,44.99,,0,1,1
XO.LT04..HH.2018.05.25.12.35.31,201805,44.99,75.2,0,1,1
XO.LT01..HH.2018.05.25.23.04.56,201805,,44.99,0,1,1
XO.LD38..HH.2018.05.27.10.36.29,201805,44.99,68.08,1,1,1
XO.LA39..HH.2018.05.29.06.56.15,201805,45.0,60.21,0,1,1
XO.LT14..HH.2018.05.30.01.52.09,201805,44.99,,0,1,1
XO.LA28..HH.2018.05.30.01.52.24,201805,,44.99,0,1,1
XO.LA39..HH.2018.05.30.08.39.12,201805,,45.0,0,0,0
XO.LD36..HH.2018.05.29.00.36.40,201805,45.0,,0,1,1
XO.LD41..HH.2018.05.29.07.10.38,201805,44.99,,0,1,1
XO.LT06..HH.2018.05.29.15.14.24,201805,45.0,54.95,0,1,1
XO.LT10..HH.2018.05.29.15.14.28,201805,45.0,58.09,0,1,1
XO.LD38..HH.2018.05.29.16.20.11,201805,45.0,50.21,0,1,1
XO.LA32..HH.2018.05.29.23.28.31,201805,45.0,,0,1,1
XO.LT09..HH.2018.05.28.09.24.23,201805,45.0,53.37,0,0,1
XO.LA29..HH.2018.05.28.09.24.23,201805,45.0,53.34,0,1,1
XO.LA32..HH.2018.05.28.09.24.25,201805,45.0,55.11,0,1,1
XO.LT06..HH.2018.05.28.18.47.03,201805,45.0,53.23,0,1,1
XO.LT04..HH.2018.05.28.22.01.04,201805,44.99,59.39,0,1,1
XO.LD38..HH.2018.05.27.04.41.02,201805,45.0,,0,1,0
XO.LA21..HH.2018.05.27.04.41.09,201805,44.99,63.48,0,1,1
XO.LA25..HH.2018.05.27.04.41.28,201805,,45.0,0,0,1
XO.LD40..HH.2018.05.27.15.40.08,201805,,44.99,0,0,1
XO.LD40..HH.2018.05.27.17.21.08,201805,,44.99,0,0,0
XO.LT13..HH.2018.05.27.23.08.14,201805,44.99,54.9,0,1,1
XO.LT07..HH.2018.05.24.21.33.57,201805,44.99,,0,1,1
XO.LD36..HH.2018.05.22.02.27.39,201805,45.0,78.48,0,1,1
XO.LT16..HH.2018.05.22.12.36.22,201805,45.0,,0,1,1
XO.LT10..HH.2018.05.18.16.34.36,201805,44.99,50.1,0,1,1
XO.LT10..HH.2018.05.16.21.10.06,201805,44.99,56.68,0,1,1
XO.LD36..HH.2018.05.15.12.37.51,201805,45.0,56.36,0,0,1
XO.LT17..HH.2018.06.01.15.49.14,201806,44.99,56.72,0,1,1
XO.LA39..HH.2018.06.01.17.32.37,201806,,44.99,0,0,0
XO.LT04..HH.2018.06.01.18.12.44,201806,44.99,,0,1,1
XO.LD40..HH.2018.06.01.18.41.12,201806,44.99,,0,1,1
XO.LA39..HH.2018.06.01.18.41.15,201806,44.99,57.43,1,1,1
XO.LA23..HH.2018.06.01.18.42.04,201806,,45.0,0,0,1
XO.LA39..HH.2018.06.01.22.02.14,201806,44.99,63.34,0,1,1
XO.LT04..HH.2018.06.01.22.02.35,201806,45.0,79.49,0,1,1
XO.LD40..HH.2018.06.01.18.36.01,201806,,44.99,0,0,0
XO.LA25..HH.2018.06.01.20.34.52,201806,44.99,66.17,0,1,0
XO.LT13..HH.2018.06.01.20.34.56,201806,44.99,67.28,0,1,1
XO.LT04..HH.2018.06.01.20.35.06,201806,,45.0,0,1,1
XO.LA28..HH.2018.06.01.20.35.12,201806,,45.0,0,0,1
XO.LT16..HH.2018.06.01.20.34.51,201806,44.99,,0,1,1
XO.LA39..HH.2018.06.01.21.46.51,201806,,44.99,0,0,1
XO.LT04..HH.2018.06.02.13.39.17,201806,,44.99,0,0,1
XO.LD40..HH.2018.06.02.15.35.07,201806,45.0,68.54,0,1,1
XO.LT01..HH.2018.06.02.15.44.09,201806,,45.0,0,1,1
XO.LA39..HH.2018.06.02.20.17.45,201806,,45.0,0,0,0
XO.LT01..HH.2018.06.02.21.04.45,201806,,44.99,0,1,1
XO.LA39..HH.2018.06.02.13.10.54,201806,,44.99,0,1,1
XO.LT04..HH.2018.06.02.19.17.37,201806,,44.99,0,1,1
XO.LT06..HH.2018.06.03.04.44.01,201806,44.99,63.1,0,1,1
XO.LA39..HH.2018.06.03.07.11.07,201806,44.99,65.4,1,1,1
XO.LD40..HH.2018.06.03.16.09.02,201806,,45.0,0,1,1
XO.LT01..HH.2018.06.03.16.08.35,201806,44.99,73.81,0,0,1
XO.LD38..HH.2018.06.03.21.07.13,201806,44.99,63.23,1,1,1
XO.LD41..HH.2018.06.03.05.04.35,201806,45.0,,0,1,1
XO.LD38..HH.2018.06.03.06.45.02,201806,44.99,,0,1,1
XO.LT18..HH.2018.06.03.08.02.03,201806,44.99,,0,1,1
XO.LA29..HH.2018.06.03.08.02.25,201806,45.0,,0,0,1
XO.LD41..HH.2018.06.03.21.56.35,201806,44.99,74.04,0,1,1
XO.LT14..HH.2018.06.04.05.38.19,201806,44.99,,1,1,1
XO.LT06..HH.2018.06.04.07.27.46,201806,,45.0,1,1,1
XO.LA39..HH.2018.06.04.08.53.49,201806,45.0,60.23,1,1,1
XO.LD40..HH.2018.06.04.08.53.55,201806,45.0,62.19,0,1,0
XO.LT01..HH.2018.06.04.08.53.58,201806,44.99,65.44,0,1,1
XO.LA25..HH.2018.06.04.11.08.53,201806,44.99,73.02,1,1,1
XO.LT06..HH.2018.06.04.11.08.54,201806,,44.99,0,0,1
XO.LD40..HH.2018.06.04.14.18.52,201806,,44.99,0,1,1
XO.LD41..HH.2018.06.04.23.19.16,201806,44.99,,0,1,1
XO.LT01..HH.2018.06.04.23.19.36,201806,,44.99,0,0,1
XO.LT04..HH.2018.06.04.07.08.50,201806,,44.99,1,0,0
XO.LA39..HH.2018.06.04.09.04.57,201806,44.99,60.03,1,1,1
XO.LA39..HH.2018.06.04.09.06.39,201806,,44.99,0,0,1
XO.LT01..HH.2018.06.04.11.30.33,201806,,44.99,0,0,1
XO.LT17..HH.2018.06.05.18.26.28,201806,44.99,56.91,0,1,1
XO.LD40..HH.2018.06.05.13.17.40,201806,,44.99,0,0,0
XO.LA39..HH.2018.06.05.14.06.23,201806,44.99,58.45,0,1,1
XO.LD36..HH.2018.06.05.15.48.02,201806,45.0,62.28,0,1,1
XO.LD41..HH.2018.06.05.15.48.13,201806,44.99,,0,1,1
XO.LD38..HH.2018.06.06.02.46.26,201806,,44.99,0,1,1
XO.LT07..HH.2018.06.06.09.33.43,201806,44.99,59.37,0,1,1
XO.LT01..HH.2018.06.07.03.06.19,201806,,44.99,0,0,1
XO.LT04..HH.2018.06.07.03.06.30,201806,,44.99,0,1,1
XO.LD40..HH.2018.06.07.08.49.44,201806,44.99,69.92,0,1,1
XO.LT20..HH.2018.06.07.12.05.57,201806,44.99,59.84,0,0,1
XO.LD38..HH.2018.06.07.16.10.19,201806,,45.0,1,1,1
XO.LT04..HH.2018.06.07.00.12.59,201806,,44.99,0,1,1
XO.LD40..HH.2018.06.07.01.10.09,201806,,44.99,0,1,1
XO.LT01..HH.2018.06.07.04.18.38,201806,,44.99,0,0,1
XO.LT01..HH.2018.06.07.05.19.07,201806,,45.0,0,0,1
XO.LT01..HH.2018.06.07.07.54.27,201806,,44.99,0,1,1
XO.LA39..HH.2018.06.07.09.02.11,201806,45.0,62.73,0,1,1
XO.LT16..HH.2018.06.07.10.21.53,201806,45.0,55.2,0,1,1
XO.LT14..HH.2018.06.07.10.21.56,201806,44.99,,0,1,1
XO.LD41..HH.2018.06.07.10.22.20,201806,45.0,,0,1,1
XO.LT06..HH.2018.06.07.14.11.41,201806,45.0,51.36,0,1,1
XO.LA34..HH.2018.06.07.18.32.01,201806,45.0,78.24,0,1,1
XO.LA28..HH.2018.06.07.18.32.07,201806,44.99,,0,1,1
XO.LA29..HH.2018.06.07.18.32.42,201806,,45.0,0,1,1
XO.LD40..HH.2018.06.07.20.53.26,201806,,44.99,0,1,0
XO.LT13..HH.2018.06.07.22.52.30,201806,44.99,,0,1,1
XO.LA39..HH.2018.06.09.08.03.20,201806,,45.0,0,1,1
XO.LD40..HH.2018.06.09.09.54.02,201806,44.99,70.08,0,1,1
XO.LD40..HH.2018.06.09.14.56.05,201806,45.0,61.22,0,1,1
XO.LA39..HH.2018.06.09.08.43.43,201806,45.0,59.6,0,1,0
XO.LA39..HH.2018.06.09.09.39.43,201806,,45.0,0,1,1
XO.LD40..HH.2018.06.09.12.03.23,201806,,44.99,0,0,0
XO.LA39..HH.2018.06.09.16.14.01,201806,,44.99,0,0,0
XO.LT18..HH.2018.06.09.17.49.02,201806,45.0,50.75,0,1,1
XO.LT17..HH.2018.06.09.17.49.04,201806,45.0,52.9,0,1,1
XO.LA28..HH.2018.06.09.23.45.12,201806,,44.99,0,0,1
XO.LD36..HH.2018.06.10.09.41.22,201806,,44.99,0,0,1
XO.LA39..HH.2018.06.10.18.56.24,201806,,45.0,0,1,1
XO.LT12..HH.2018.06.11.01.19.00,201806,45.0,64.05,0,1,1
XO.LT13..HH.2018.06.11.01.19.05,201806,45.0,,0,1,1
XO.LT16..HH.2018.06.11.01.18.55,201806,45.0,60.25,0,1,1
XO.LA33..HH.2018.06.11.01.19.13,201806,45.0,,0,1,1
XO.LT04..HH.2018.06.11.01.19.42,201806,,45.0,0,1,1
XO.LT06..HH.2018.06.11.16.27.35,201806,45.0,,0,1,1
XO.LD36..HH.2018.06.11.16.27.43,201806,44.99,68.32,1,1,1
XO.LA28..HH.2018.06.11.16.27.43,201806,44.99,,0,1,1
XO.LA32..HH.2018.06.11.16.27.47,201806,45.0,72.04,0,1,1
XO.LT18..HH.2018.06.11.16.27.52,201806,44.99,,0,1,1
XO.LA39..HH.2018.06.11.04.58.13,201806,,45.0,0,1,1
XO.LD41..HH.2018.06.11.10.42.15,201806,44.99,76.24,0,1,1
XO.LD41..HH.2018.06.11.11.37.35,201806,45.0,,0,1,1
XO.LT18..HH.2018.06.11.14.24.15,201806,44.99,59.76,0,1,1
XO.LT01..HH.2018.06.12.07.45.33,201806,44.99,,0,1,1
XO.LD40..HH.2018.06.12.11.07.57,201806,44.99,66.04,0,1,1
XO.LT01..HH.2018.06.12.23.24.29,201806,45.0,66.61,0,1,1
XO.LA39..HH.2018.06.12.02.22.21,201806,45.0,59.98,0,1,1
XO.LT01..HH.2018.06.12.16.24.38,201806,44.99,69.87,0,1,1
XO.LT01..HH.2018.06.12.18.57.46,201806,,45.0,0,0,1
XO.LT04..HH.2018.06.13.07.42.57,201806,,44.99,0,1,1
XO.LD38..HH.2018.06.13.18.40.04,201806,45.0,54.1,1,1,1
XO.LT04..HH.2018.06.13.18.40.27,201806,44.99,,0,1,1
XO.LA39..HH.2018.06.13.05.20.42,201806,44.99,63.18,0,1,1
XO.LT04..HH.2018.06.13.09.46.21,201806,,44.99,0,1,0
XO.LD38..HH.2018.06.13.16.20.04,201806,,44.99,0,1,1
XO.LT04..HH.2018.06.13.16.20.36,201806,,44.99,0,0,1
XO.LD40..HH.2018.06.13.23.44.16,201806,45.0,,0,1,1
XO.LT04..HH.2018.06.14.16.48.05,201806,44.99,77.83,0,1,1
XO.LD40..HH.2018.06.14.16.47.48,201806,44.99,65.68,0,1,1
XO.LT01..HH.2018.06.14.16.47.51,201806,45.0,66.48,0,1,1
XO.LA39..HH.2018.06.15.00.14.28,201806,45.0,59.92,1,1,1
XO.LA39..HH.2018.06.15.00.21.01,201806,45.0,59.24,0,1,1
XO.LT18..HH.2018.06.15.14.32.38,201806,44.99,,0,1,1
XO.LA29..HH.2018.06.16.02.51.48,201806,45.0,,1,1,1
XO.LA33..HH.2018.06.16.02.51.50,201806,44.99,,0,1,1
XO.LD45..HH.2018.06.16.02.51.59,201806,44.99,78.11,0,1,1
XO.LT07..HH.2018.06.16.14.37.30,201806,45.0,55.69,0,1,1
XO.LD40..HH.2018.06.16.18.21.43,201806,44.99,64.35,0,1,1
XO.LD38..HH.2018.06.17.04.31.57,201806,45.0,61.96,1,1,1
XO.LT14..HH.2018.06.17.20.38.39,201806,44.99,61.24,0,1,1
XO.LT01..HH.2018.06.18.21.45.13,201806,,44.99,0,1,1
XO.LT12..HH.2018.06.18.21.44.44,201806,45.0,76.15,0,1,1
XO.LD40..HH.2018.06.18.21.44.45,201806,44.99,79.1,0,1,1
XO.LA32..HH.2018.06.18.22.15.30,201806,,44.99,0,0,0
XO.LA39..HH.2018.06.19.19.12.37,201806,44.99,60.79,0,1,1
XO.LT15..HH.2018.06.19.20.20.15,201806,44.99,50.2,0,1,1
XO.LT10..HH.2018.06.19.20.20.27,201806,45.0,58.75,0,1,1
XO.LA34..HH.2018.06.19.20.20.37,201806,,44.99,0,0,0
XO.LA33..HH.2018.06.19.12.25.09,201806,,45.0,0,1,1
XO.LA25..HH.2018.06.19.18.55.00,201806,,44.99,0,0,0
XO.LD40..HH.2018.06.19.19.45.46,201806,,44.99,0,0,1
XO.LA39..HH.2018.06.20.11.36.52,201806,45.0,62.75,0,1,1
XO.LT01..HH.2018.06.20.15.31.21,201806,,45.0,0,0,1
XO.LT04..HH.2018.06.20.21.38.21,201806,44.99,55.57,0,1,1
XO.LD36..HH.2018.06.20.21.38.27,201806,45.0,62.43,0,1,1
XO.LD40..HH.2018.06.20.21.38.34,201806,45.0,68.97,1,1,1
XO.LT01..HH.2018.06.20.21.38.34,201806,44.99,,0,1,1
XO.LD41..HH.2018.06.20.21.38.40,201806,44.99,,0,1,1
XO.LA39..HH.2018.06.20.21.38.44,201806,44.99,75.78,0,1,1
XO.LT17..HH.2018.06.20.23.01.47,201806,44.99,,0,0,1
XO.LT09..HH.2018.06.20.04.53.40,201806,,45.0,0,1,1
XO.LA33..HH.2018.06.20.04.54.02,201806,,44.99,0,1,1
XO.LA21..HH.2018.06.20.05.24.43,201806,44.99,61.51,1,1,1
XO.LT14..HH.2018.06.20.05.24.56,201806,45.0,,0,1,1
XO.LA39..HH.2018.06.20.10.34.37,201806,,45.0,0,0,0
XO.LD40..HH.2018.06.20.10.34.49,201806,,45.0,0,1,1
XO.LT10..HH.2018.06.20.11.13.26,201806,44.99,67.06,0,1,1
XO.LD40..HH.2018.06.20.11.13.16,201806,45.0,57.82,0,1,1
XO.LA25..HH.2018.06.20.11.13.35,201806,,44.99,0,1,1
XO.LD40..HH.2018.06.20.10.19.47,201806,,45.0,0,0,0
XO.LT06..HH.2018.06.20.12.57.38,201806,,44.99,0,1,0
XO.LT04..HH.2018.06.20.16.18.30,201806,,44.99,0,0,1
XO.LT09..HH.2018.06.20.20.00.10,201806,45.0,57.46,0,1,1
XO.LA39..HH.2018.06.21.11.26.32,201806,45.0,60.02,0,1,1
XO.LA26..HH.2018.06.21.02.35.46,201806,44.99,60.16,0,1,1
XO.LT10..HH.2018.06.21.02.35.55,201806,45.0,,0,1,1
XO.LA29..HH.2018.06.21.02.36.18,201806,,45.0,0,0,1
XO.LA39..HH.2018.06.21.03.49.21,201806,45.0,59.84,1,1,1
XO.LD40..HH.2018.06.21.09.58.37,201806,,45.0,0,0,1
XO.LT04..HH.2018.06.22.06.57.04,201806,44.99,74.14,0,1,1
XO.LT12..HH.2018.06.22.21.22.21,201806,45.0,,0,1,1
XO.LD41..HH.2018.06.22.03.32.52,201806,,44.99,0,1,1
XO.LD38..HH.2018.06.22.14.46.31,201806,45.0,64.49,0,1,1
XO.LT04..HH.2018.06.22.16.56.20,201806,,44.99,0,1,1
XO.LA39..HH.2018.06.23.02.56.00,201806,44.99,58.91,0,1,1
XO.LD40..HH.2018.06.23.09.28.37,201806,45.0,66.4,0,1,1
XO.LA39..HH.2018.06.23.09.28.49,201806,,45.0,0,1,1
XO.LT06..HH.2018.06.23.11.18.23,201806,44.99,56.88,0,1,1
XO.LT12..HH.2018.06.23.11.18.26,201806,45.0,59.67,0,1,1
XO.LT01..HH.2018.06.23.22.50.12,201806,44.99,68.67,0,1,1
XO.LA39..HH.2018.06.23.22.50.05,201806,44.99,59.4,1,1,1
XO.LD40..HH.2018.06.23.03.58.02,201806,,44.99,0,0,1
XO.LT01..HH.2018.06.23.03.58.04,201806,,45.0,0,1,1
XO.LD40..HH.2018.06.23.09.03.32,201806,,44.99,0,1,1
XO.LD41..HH.2018.06.23.09.03.50,201806,,45.0,0,0,1
XO.LA39..HH.2018.06.23.10.49.45,201806,,44.99,0,0,1
XO.LD41..HH.2018.06.23.10.49.49,201806,45.0,,0,1,1
XO.LD41..HH.2018.06.23.11.26.22,201806,45.0,,0,1,1
XO.LT18..HH.2018.06.23.21.11.07,201806,45.0,,0,1,1
XO.LD41..HH.2018.06.24.21.53.25,201806,45.0,76.64,0,1,1
XO.LD40..HH.2018.06.24.21.53.31,201806,,45.0,0,1,1
XO.LD40..HH.2018.06.24.03.05.14,201806,,45.0,0,0,1
XO.LD40..HH.2018.06.24.06.41.24,201806,44.99,68.51,0,1,1
XO.LD41..HH.2018.06.24.06.41.33,201806,44.99,73.38,0,1,1
XO.LT20..HH.2018.06.24.07.28.52,201806,45.0,51.83,0,1,1
XO.LD40..HH.2018.06.24.11.28.11,201806,,45.0,0,0,0
XO.LA39..HH.2018.06.24.13.18.58,201806,45.0,60.1,1,1,1
XO.LT14..HH.2018.06.24.20.52.29,201806,44.99,,0,1,1
XO.LA39..HH.2018.06.25.06.46.14,201806,,44.99,0,0,1
XO.LA39..HH.2018.06.25.13.30.18,201806,45.0,59.82,0,1,1
XO.LD41..HH.2018.06.25.15.05.48,201806,45.0,,0,1,1
XO.LT18..HH.2018.06.25.20.45.33,201806,45.0,,0,1,1
XO.LT14..HH.2018.06.26.04.06.48,201806,44.99,,1,1,1
XO.LT01..HH.2018.06.26.04.07.06,201806,,44.99,0,1,1
XO.LD45..HH.2018.06.26.23.50.41,201806,45.0,,0,1,1
XO.LD45..HH.2018.06.27.00.26.02,201806,45.0,,0,1,1
XO.LD38..HH.2018.06.27.15.38.33,201806,45.0,62.84,0,1,1
XO.LD40..HH.2018.06.27.15.38.37,201806,45.0,66.23,1,1,1
XO.LD44..HH.2018.06.27.16.31.44,201806,44.99,63.64,1,1,1
XO.LT13..HH.2018.06.27.16.31.58,201806,44.99,,0,1,1
XO.LT14..HH.2018.06.27.16.32.06,201806,45.0,,0,1,1
XO.LA39..HH.2018.06.27.21.35.03,201806,45.0,65.36,1,1,1
XO.LD40..HH.2018.06.27.21.35.07,201806,44.99,68.36,0,1,1
XO.LD41..HH.2018.06.27.21.35.14,201806,45.0,72.64,0,1,1
XO.LA39..HH.2018.06.27.01.14.12,201806,45.0,59.58,0,1,1
XO.LT17..HH.2018.06.27.14.35.14,201806,44.99,60.6,0,1,1
XO.LT12..HH.2018.06.27.14.35.49,201806,,45.0,0,1,1
XO.LA39..HH.2018.06.27.15.03.47,201806,45.0,59.74,0,1,1
XO.LA39..HH.2018.06.27.18.15.52,201806,44.99,62.13,0,1,1
XO.LT01..HH.2018.06.27.18.42.22,201806,,44.99,0,1,1
XO.LD40..HH.2018.06.27.19.46.48,201806,,44.99,0,0,1
XO.LT01..HH.2018.06.27.19.46.50,201806,,45.0,0,1,1
XO.LT10..HH.2018.06.27.21.27.30,201806,44.99,56.07,0,1,1
XO.LT16..HH.2018.06.27.21.27.36,201806,45.0,,0,1,1
XO.LT04..HH.2018.06.29.01.00.03,201806,44.99,,0,1,1
XO.LD40..HH.2018.06.29.00.59.59,201806,44.99,72.17,1,1,1
XO.LT01..HH.2018.06.29.02.22.56,201806,45.0,66.36,0,1,1
XO.LT16..HH.2018.06.29.05.18.13,201806,45.0,,0,1,1
XO.LA39..HH.2018.06.29.13.41.44,201806,44.99,59.58,0,1,1
XO.LT17..HH.2018.06.29.18.55.25,201806,44.99,51.22,0,1,1
XO.LT12..HH.2018.06.29.18.55.46,201806,45.0,,0,1,1
XO.LD41..HH.2018.06.29.21.37.47,201806,45.0,,0,1,1
XO.LT01..HH.2018.06.30.03.05.03,201806,45.0,70.13,0,1,1
XO.LT04..HH.2018.06.30.22.09.27,201806,,44.99,0,0,1
XO.LT12..HH.2018.06.30.03.41.12,201806,44.99,52.46,0,1,1
XO.LD36..HH.2018.06.30.03.41.20,201806,44.99,57.82,0,1,1
XO.LT06..HH.2018.06.30.03.41.20,201806,45.0,,0,1,1
XO.LT20..HH.2018.06.30.11.21.06,201806,44.99,51.07,0,1,1
XO.LD38..HH.2018.06.15.22.30.17,201806,,45.0,0,1,1
XO.LT04..HH.2018.06.19.13.54.29,201806,44.99,75.56,0,1,1
XO.LD41..HH.2018.06.23.15.10.44,201806,45.0,,0,1,1
XO.LT17..HH.2018.06.24.21.03.43,201806,,44.99,0,0,1
XO.LD40..HH.2018.06.26.19.40.45,201806,44.99,68.58,0,1,1
XO.LT09..HH.2018.06.27.22.25.46,201806,45.0,79.27,0,1,1
XO.LT01..HH.2018.06.27.22.26.10,201806,,45.0,0,1,1
XO.LD38..HH.2018.06.28.19.05.54,201806,45.0,61.7,1,1,1
XO.LA39..HH.2018.06.01.05.03.57,201806,45.0,59.19,0,0,1
XO.LA39..HH.2018.06.01.17.07.48,201806,,45.0,0,1,1
XO.LD40..HH.2018.06.02.04.57.00,201806,,45.0,0,1,1
XO.LD40..HH.2018.06.02.15.42.51,201806,,45.0,0,1,1
XO.LT06..HH.2018.06.03.22.39.34,201806,,45.0,0,1,1
XO.LT01..HH.2018.06.06.02.15.01,201806,,45.0,0,0,1
XO.LA33..HH.2018.06.07.09.25.10,201806,44.99,58.08,0,1,1
XO.LA39..HH.2018.06.08.06.22.04,201806,44.99,62.47,0,1,1
XO.LD40..HH.2018.06.10.05.24.39,201806,,44.99,0,0,1
XO.LT01..HH.2018.06.10.09.11.42,201806,,45.0,0,1,1
XO.LD40..HH.2018.06.05.03.55.20,201806,,45.33,0,1,1
XO.LA39..HH.2018.06.06.09.29.04,201806,,44.99,0,1,0
XO.LA39..HH.2018.06.06.10.41.24,201806,,45.0,0,1,1
XO.LD40..HH.2018.06.06.13.51.38,201806,,45.0,0,0,0
XO.LD40..HH.2018.06.06.13.54.37,201806,,44.99,0,0,0
XO.LA29..HH.2018.06.16.10.24.41,201806,,45.0,0,0,1
XO.LT13..HH.2018.06.16.10.24.26,201806,45.0,55.54,0,1,1
XO.LD45..HH.2018.06.16.10.24.25,201806,44.99,55.38,1,1,1
XO.LA34..HH.2018.06.16.10.24.21,201806,44.99,52.47,0,1,1
XO.LT17..HH.2018.06.16.10.24.29,201806,45.0,,0,0,1
XO.LD40..HH.2018.06.17.05.47.57,201806,,45.0,0,0,1
XO.LD40..HH.2018.06.19.16.54.03,201806,,44.99,0,1,1
XO.LT01..HH.2018.06.20.09.27.13,201806,44.99,,0,1,1
XO.LD40..HH.2018.06.20.12.34.19,201806,,45.0,0,0,0
XO.LT01..HH.2018.06.15.09.47.11,201806,45.0,53.61,0,1,1
XO.LA39..HH.2018.06.15.09.47.18,201806,45.0,59.27,1,1,1
XO.LD41..HH.2018.06.15.09.47.29,201806,44.99,,0,1,1
XO.LT07..HH.2018.06.21.04.29.40,201806,45.0,55.77,0,1,1
XO.LA34..HH.2018.06.22.16.31.13,201806,45.0,75.57,0,1,1
XO.LD44..HH.2018.06.22.16.31.39,201806,,44.99,0,0,1
XO.LD38..HH.2018.06.23.03.56.47,201806,45.0,,0,1,1
XO.LA39..HH.2018.06.23.08.23.45,201806,44.99,59.34,0,1,1
XO.LD41..HH.2018.06.24.13.36.09,201806,44.99,,0,0,1
XO.LA21..HH.2018.06.25.11.14.34,201806,44.99,58.84,0,1,1
XO.LD40..HH.2018.06.25.11.14.59,201806,,44.99,0,0,0
XO.LT09..HH.2018.06.25.11.15.04,201806,,45.0,0,1,1
XO.LA21..HH.2018.06.27.13.14.06,201806,45.0,55.1,0,1,1
XO.LD40..HH.2018.06.27.13.14.18,201806,45.0,,0,1,1
XO.LD41..HH.2018.06.28.02.12.16,201806,44.99,72.83,0,1,1
XO.LD38..HH.2018.06.28.02.12.16,201806,,45.0,0,1,1
XO.LT01..HH.2018.06.28.16.18.09,201806,,44.99,0,1,1
XO.LT06..HH.2018.06.28.23.10.28,201806,44.99,52.47,0,1,1
XO.LD40..HH.2018.06.29.02.18.17,201806,44.99,65.92,0,1,1
XO.LT12..HH.2018.06.29.12.37.02,201806,45.0,53.03,0,1,1
XO.LT07..HH.2018.06.29.16.32.47,201806,45.0,52.97,0,1,1
XO.LD40..HH.2018.06.30.20.21.29,201806,,45.0,0,0,1
XO.LA39..HH.2018.07.01.04.04.30,201807,45.0,59.73,1,1,1
XO.LA25..HH.2018.07.01.19.54.40,201807,44.99,70.2,1,1,1
XO.LT16..HH.2018.07.01.19.54.44,201807,44.99,,0,1,1
XO.LA39..HH.2018.07.01.01.03.07,201807,44.99,58.28,0,1,1
XO.LA39..HH.2018.07.01.06.47.58,201807,45.0,60.69,0,1,1
XO.LT07..HH.2018.07.01.19.09.26,201807,45.0,52.78,0,1,1
XO.LT01..HH.2018.07.02.14.22.32,201807,45.0,63.22,0,0,1
XO.LD41..HH.2018.07.02.14.22.35,201807,45.0,64.55,0,1,1
XO.LD40..HH.2018.07.02.14.22.26,201807,45.0,60.89,0,1,1
XO.LT01..HH.2018.07.02.00.06.04,201807,,44.99,0,0,1
XO.LT17..HH.2018.07.02.03.50.52,201807,45.0,49.31,0,1,1
XO.LA39..HH.2018.07.03.01.45.18,201807,45.0,60.3,1,1,1
XO.LT01..HH.2018.07.03.07.07.13,201807,44.99,,1,1,1
XO.LT10..HH.2018.07.03.07.06.51,201807,44.99,,1,1,1
XO.LT12..HH.2018.07.03.07.06.57,201807,45.0,,0,1,1
XO.LD36..HH.2018.07.03.07.07.02,201807,44.99,,1,1,1
XO.LT13..HH.2018.07.03.07.11.22,201807,45.0,,0,1,1
XO.LD40..HH.2018.07.03.07.23.47,201807,44.99,66.4,0,1,1
XO.LD36..HH.2018.07.03.08.46.32,201807,44.99,,0,0,0
XO.LT06..HH.2018.07.03.08.46.40,201807,,44.99,0,1,1
XO.LT04..HH.2018.07.03.09.05.05,201807,45.0,,0,0,1
XO.LT14..HH.2018.07.03.09.04.52,201807,44.99,,1,1,1
XO.LT14..HH.2018.07.03.11.25.10,201807,45.0,65.06,0,1,1
XO.LT13..HH.2018.07.03.11.53.32,201807,44.99,,0,1,1
XO.LA21..HH.2018.07.03.19.18.22,201807,44.99,53.35,1,1,1
XO.LD36..HH.2018.07.03.19.18.32,201807,45.0,61.3,1,1,1
XO.LD38..HH.2018.07.03.19.18.32,201807,45.0,61.77,1,1,1
XO.LA32..HH.2018.07.03.19.18.46,201807,45.0,71.37,0,1,1
XO.LT12..HH.2018.07.03.19.18.46,201807,45.0,71.92,0,1,1
XO.LT14..HH.2018.07.03.19.18.51,201807,44.99,75.91,0,1,1
XO.LT09..HH.2018.07.03.19.19.04,201807,,44.99,0,1,1
XO.LT10..HH.2018.07.03.21.06.52,201807,44.99,65.69,0,1,1
XO.LT04..HH.2018.07.03.22.14.09,201807,44.99,76.16,0,1,1
XO.LT14..HH.2018.07.03.00.22.38,201807,44.99,57.7,0,1,1
XO.LT16..HH.2018.07.03.07.21.29,201807,45.0,,0,0,1
XO.LT14..HH.2018.07.03.10.14.00,201807,44.99,,0,1,1
XO.LT07..HH.2018.07.03.13.10.52,201807,45.0,67.46,0,1,1
XO.LT10..HH.2018.07.03.13.11.01,201807,45.0,73.99,0,1,1
XO.LT14..HH.2018.07.03.13.11.01,201807,44.99,75.21,0,1,1
XO.LD36..HH.2018.07.03.13.11.07,201807,44.99,78.51,1,1,1
XO.LT01..HH.2018.07.03.13.11.44,201807,,45.0,0,0,1
XO.LT10..HH.2018.07.03.13.15.39,201807,,44.99,0,0,1
XO.LT10..HH.2018.07.03.12.56.42,201807,45.0,65.29,0,1,1
XO.LA39..HH.2018.07.04.21.57.02,201807,,44.99,0,0,0
XO.LT06..HH.2018.07.04.05.55.42,201807,,44.99,0,1,0
XO.LA39..HH.2018.07.04.19.05.46,201807,45.0,,0,1,1
XO.LT20..HH.2018.07.05.04.59.34,201807,,44.99,0,1,1
XO.LT12..HH.2018.07.05.04.58.59,201807,,45.0,0,1,1
XO.LT17..HH.2018.07.05.17.41.35,201807,44.99,61.06,0,1,1
XO.LD44..HH.2018.07.05.17.41.40,201807,44.99,63.66,0,1,1
XO.LA34..HH.2018.07.05.17.41.48,201807,45.0,,0,1,1
XO.LD44..HH.2018.07.05.18.27.29,201807,,44.99,0,1,1
XO.LA33..HH.2018.07.05.18.27.50,201807,,44.99,0,1,1
XO.LA39..HH.2018.07.05.22.25.01,201807,,45.0,0,1,1
XO.LT04..HH.2018.07.06.02.16.13,201807,44.99,,0,1,1
XO.LT12..HH.2018.07.06.22.30.18,201807,45.0,70.35,0,1,1
XO.LT18..HH.2018.07.06.19.37.10,201807,44.99,,0,1,1
XO.LD40..HH.2018.07.06.21.48.29,201807,,44.99,0,0,0
XO.LA39..HH.2018.07.07.11.31.21,201807,45.0,68.33,0,1,1
XO.LT13..HH.2018.07.07.20.45.50,201807,44.99,62.23,0,1,1
XO.LT18..HH.2018.07.07.20.45.37,201807,44.99,50.54,0,1,1
XO.LD40..HH.2018.07.08.11.02.55,201807,44.99,63.36,0,1,1
XO.LT04..HH.2018.07.08.03.13.53,201807,44.99,,0,0,1
XO.LD41..HH.2018.07.08.05.42.20,201807,44.99,62.09,0,1,1
XO.LA32..HH.2018.07.08.15.13.51,201807,44.99,52.89,1,1,1
XO.LA26..HH.2018.07.08.15.13.51,201807,45.0,,0,1,1
XO.LA21..HH.2018.07.08.15.13.59,201807,44.99,58.88,1,1,1
XO.LD44..HH.2018.07.08.15.14.06,201807,45.0,63.0,1,1,1
XO.LA39..HH.2018.07.08.18.24.27,201807,,44.99,0,1,1
XO.LT01..HH.2018.07.09.17.48.38,201807,45.0,67.36,0,0,1
XO.LA39..HH.2018.07.09.17.48.29,201807,44.99,59.92,1,1,1
XO.LT04..HH.2018.07.09.20.54.09,201807,44.99,,0,1,1
XO.LT01..HH.2018.07.10.23.35.34,201807,,45.0,0,1,1
XO.LT01..HH.2018.07.10.16.43.25,201807,,45.0,0,1,1
XO.LD40..HH.2018.07.10.18.19.05,201807,,45.0,0,1,1
XO.LA39..HH.2018.07.10.21.15.46,201807,44.99,59.39,0,0,0
XO.LD40..HH.2018.07.10.21.16.19,201807,,45.0,0,1,1
XO.LT14..HH.2018.07.11.10.03.31,201807,44.99,,0,1,1
XO.LT04..HH.2018.07.11.10.03.42,201807,,44.99,0,1,1
XO.LT12..HH.2018.07.11.17.34.32,201807,,44.99,0,1,1
XO.LD41..HH.2018.07.11.17.45.47,201807,45.0,70.54,0,1,1
XO.LT04..HH.2018.07.11.17.50.27,201807,,44.99,0,1,1
XO.LT06..HH.2018.07.11.19.58.12,201807,45.0,,0,1,1
XO.LT20..HH.2018.07.11.07.48.46,201807,,44.99,0,1,1
XO.LD44..HH.2018.07.11.07.48.16,201807,44.99,60.27,0,1,1
XO.LD41..HH.2018.07.11.17.47.02,201807,45.0,71.53,0,0,1
XO.LD41..HH.2018.07.12.00.45.58,201807,45.0,69.43,1,1,1
XO.LT04..HH.2018.07.12.02.05.29,201807,44.99,76.12,0,1,1
XO.LD38..HH.2018.07.12.02.05.23,201807,,45.0,0,1,1
XO.LT06..HH.2018.07.12.02.57.14,201807,44.99,53.01,1,1,1
XO.LT09..HH.2018.07.12.02.57.23,201807,44.99,,0,1,1
XO.LD41..HH.2018.07.12.02.57.39,201807,45.0,,1,1,1
XO.LA34..HH.2018.07.12.02.57.39,201807,44.99,,0,1,1
XO.LD41..HH.2018.07.12.08.20.27,201807,44.99,60.18,0,1,1
XO.LA39..HH.2018.07.12.08.20.45,201807,,45.0,0,0,1
XO.LT07..HH.2018.07.12.21.03.00,201807,45.0,,0,1,1
XO.LT12..HH.2018.07.12.21.03.12,201807,45.0,70.49,0,1,1
XO.LT06..HH.2018.07.12.23.34.15,201807,44.99,51.53,1,1,1
XO.LD40..HH.2018.07.12.00.37.42,201807,,45.0,0,0,1
XO.LT01..HH.2018.07.12.00.47.49,201807,,44.99,0,0,1
XO.LD41..HH.2018.07.12.00.47.35,201807,44.99,69.22,0,1,1
XO.LA39..HH.2018.07.12.00.47.36,201807,,44.99,0,0,0
XO.LD41..HH.2018.07.12.01.45.08,201807,45.0,,0,1,1
XO.LT01..HH.2018.07.12.06.43.21,201807,,44.99,0,0,1
XO.LD40..HH.2018.07.12.07.07.16,201807,,44.99,0,0,1
XO.LT04..HH.2018.07.12.08.32.02,201807,,44.99,0,0,1
XO.LT01..HH.2018.07.12.09.38.55,201807,,44.99,0,0,1
XO.LT17..HH.2018.07.12.10.25.09,201807,,45.0,0,0,1
XO.LA39..HH.2018.07.12.14.39.37,201807,,44.99,0,1,1
XO.LA33..HH.2018.07.13.07.11.32,201807,44.99,63.28,0,1,1
XO.LT01..HH.2018.07.13.10.08.23,201807,,45.0,0,1,1
XO.LA39..HH.2018.07.13.21.32.30,201807,45.0,60.11,1,1,1
XO.LD41..HH.2018.07.13.21.32.49,201807,44.99,74.58,1,1,1
XO.LD41..HH.2018.07.13.22.30.43,201807,44.99,75.26,1,1,1
XO.WD46..HH.2018.07.13.22.30.13,201807,45.0,,0,0,1
XO.LA39..HH.2018.07.13.11.44.00,201807,,45.0,0,0,1
XO.LD40..HH.2018.07.14.15.38.46,201807,44.99,66.45,0,1,1
XO.LA39..HH.2018.07.14.19.00.28,201807,45.0,62.01,0,1,1
XO.LD40..HH.2018.07.14.19.27.17,201807,,45.0,0,0,0
XO.LD41..HH.2018.07.14.19.27.36,201807,,44.99,0,1,1
XO.LA33..HH.2018.07.15.00.14.08,201807,45.0,56.18,1,1,1
XO.LA29..HH.2018.07.15.00.14.14,201807,45.0,59.98,0,1,1
XO.LT14..HH.2018.07.15.00.14.28,201807,44.99,,0,1,1
XO.LT10..HH.2018.07.15.00.14.29,201807,45.0,72.05,0,1,1
XO.LA23..HH.2018.07.15.00.15.03,201807,,44.99,0,1,1
XO.LA34..HH.2018.07.15.01.52.47,201807,44.99,55.86,0,1,1
XO.LD36..HH.2018.07.15.01.53.00,201807,44.99,64.76,0,1,1
XO.LT04..HH.2018.07.16.00.19.34,201807,,44.99,0,0,1
XO.WD49..HH.2018.07.16.08.15.57,201807,44.99,,0,0,0
XO.LA39..HH.2018.07.16.22.51.24,201807,45.0,62.57,1,1,1
XO.LT17..HH.2018.07.16.07.24.24,201807,44.99,50.09,0,1,1
XO.LT20..HH.2018.07.16.07.24.44,201807,,44.99,1,1,1
XO.LD40..HH.2018.07.16.11.35.05,201807,,44.99,0,1,1
XO.LT18..HH.2018.07.17.03.30.59,201807,44.99,58.8,0,1,1
XO.LT12..HH.2018.07.17.03.31.00,201807,44.99,60.63,0,1,1
XO.LA34..HH.2018.07.17.03.31.05,201807,45.0,64.55,0,1,1
XO.LD36..HH.2018.07.17.03.31.15,201807,44.99,,0,1,1
XO.LD44..HH.2018.07.17.03.31.27,201807,,45.0,0,1,1
XO.WD49..HH.2018.07.17.02.33.12,201807,44.99,68.04,0,1,1
XO.LD41..HH.2018.07.17.02.33.20,201807,45.0,,0,1,1
XO.LT06..HH.2018.07.17.17.34.45,201807,44.99,57.26,0,1,1
XO.LA26..HH.2018.07.17.17.35.05,201807,44.99,,0,1,1
XO.LT20..HH.2018.07.17.21.17.43,201807,,45.0,0,1,1
XO.LA34..HH.2018.07.18.11.56.27,201807,45.0,,0,1,1
XO.WD52..HH.2018.07.18.19.05.35,201807,45.0,,0,0,0
XO.LA34..HH.2018.07.18.19.05.40,201807,45.0,61.3,1,1,1
XO.WD60..HH.2018.07.18.19.06.03,201807,45.0,,1,1,1
XO.LT18..HH.2018.07.18.19.19.45,201807,44.99,51.42,1,1,1
XO.LD44..HH.2018.07.18.19.19.52,201807,44.99,55.49,1,1,1
XO.LT20..HH.2018.07.18.19.23.10,201807,44.99,53.71,0,1,1
XO.LT18..HH.2018.07.18.01.55.25,201807,,44.99,0,1,1
XO.LA29..HH.2018.07.18.01.55.31,201807,,45.0,0,0,1
XO.WD58..HH.2018.07.18.14.07.46,201807,44.99,,0,1,1
XO.LD40..HH.2018.07.18.18.47.37,201807,,45.0,0,1,1
XO.WS75..HH.2018.07.19.02.27.41,201807,45.0,,1,0,0
XO.LT13..HH.2018.07.19.02.27.56,201807,44.99,,0,1,1
XO.LT16..HH.2018.07.19.02.27.59,201807,45.0,,0,1,1
XO.LT14..HH.2018.07.19.02.28.04,201807,44.99,,0,1,1
XO.WD63..HH.2018.07.19.02.28.07,201807,45.0,,0,1,1
XO.WD60..HH.2018.07.19.02.28.15,201807,45.0,,1,1,1
XO.LD45..HH.2018.07.19.02.54.07,201807,45.0,54.47,0,1,1
XO.LT07..HH.2018.07.19.06.06.09,201807,44.99,52.83,1,1,1
XO.LT07..HH.2018.07.19.10.36.01,201807,44.99,,0,1,1
XO.LD36..HH.2018.07.19.10.36.09,201807,44.99,,0,1,1
XO.LA34..HH.2018.07.19.14.32.56,201807,45.0,61.66,1,1,1
XO.WD59..HH.2018.07.19.14.33.19,201807,45.0,79.93,0,1,1
XO.WD60..HH.2018.07.19.14.33.19,201807,45.0,77.97,1,1,1
XO.LA32..HH.2018.07.19.14.33.03,201807,45.0,66.49,1,1,1
XO.LA30..HH.2018.07.19.14.33.30,201807,,44.99,0,1,0
XO.LT20..HH.2018.07.19.14.32.44,201807,44.99,53.63,1,1,1
XO.LD44..HH.2018.07.19.14.32.49,201807,45.0,56.68,1,1,1
XO.WD60..HH.2018.07.19.15.04.49,201807,,45.0,0,1,1
XO.LT20..HH.2018.07.19.21.15.38,201807,44.99,53.17,0,1,1
XO.LT13..HH.2018.07.19.21.15.53,201807,44.99,,0,1,1
XO.LA28..HH.2018.07.19.21.16.06,201807,44.99,73.36,0,1,1
XO.WD49..HH.2018.07.19.03.27.23,201807,45.0,67.13,0,1,1
XO.LD41..HH.2018.07.19.09.30.03,201807,45.0,,0,1,1
XO.WD46..HH.2018.07.19.12.43.41,201807,44.99,,1,0,1
XO.LA39..HH.2018.07.19.12.43.50,201807,44.99,60.62,0,1,1
XO.LT17..HH.2018.07.19.14.15.51,201807,44.99,53.06,0,1,1
XO.LD44..HH.2018.07.19.14.15.56,201807,45.0,56.51,1,1,1
XO.WD62..HH.2018.07.19.14.16.15,201807,44.99,70.95,1,1,1
XO.WD64..HH.2018.07.19.14.16.20,201807,44.99,75.49,1,1,1
XO.LA25..HH.2018.07.19.14.16.25,201807,44.99,79.18,0,1,1
XO.LT20..HH.2018.07.19.14.25.14,201807,44.99,59.1,1,1,1
XO.LT18..HH.2018.07.19.14.25.08,201807,44.99,,0,1,1
XO.LA28..HH.2018.07.19.14.45.01,201807,44.99,74.05,0,1,1
XO.LD36..HH.2018.07.19.14.45.43,201807,,44.99,0,1,1
XO.WS75..HH.2018.07.19.15.24.20,201807,44.99,,1,0,0
XO.LT12..HH.2018.07.19.15.43.52,201807,45.0,55.33,0,1,1
XO.LT17..HH.2018.07.19.16.46.04,201807,44.99,52.05,0,1,1
XO.LD40..HH.2018.07.19.17.25.06,201807,,45.0,0,1,1
XO.LA39..HH.2018.07.20.10.42.20,201807,45.0,62.36,0,1,1
XO.LT18..HH.2018.07.20.16.23.18,201807,44.99,59.76,0,1,1
XO.LT17..HH.2018.07.20.16.23.20,201807,44.99,,0,1,1
XO.LT20..HH.2018.07.20.16.23.14,201807,44.99,55.46,1,1,1
XO.WD68..HH.2018.07.20.16.23.27,201807,44.99,,0,1,1
XO.LA29..HH.2018.07.20.16.23.42,201807,44.99,,0,1,1
XO.LT12..HH.2018.07.20.16.23.42,201807,45.0,75.41,0,1,1
XO.WD62..HH.2018.07.20.18.01.13,201807,45.0,,0,1,1
XO.LT10..HH.2018.07.20.18.01.18,201807,44.99,,0,1,1
XO.WD47..HH.2018.07.20.20.46.07,201807,45.0,,1,0,0
XO.LT07..HH.2018.07.20.06.33.44,201807,44.99,,0,1,1
XO.LT20..HH.2018.07.20.10.59.43,201807,,45.0,0,1,1
XO.LA39..HH.2018.07.20.16.07.41,201807,45.0,58.93,0,1,1
XO.LD45..HH.2018.07.21.07.58.08,201807,45.0,55.23,1,1,1
XO.WD67..HH.2018.07.21.07.58.28,201807,45.0,,1,1,1
XO.WD61..HH.2018.07.21.07.58.32,201807,44.99,,0,0,0
XO.WD63..HH.2018.07.21.07.58.32,201807,44.99,,1,1,1
XO.LT18..HH.2018.07.21.08.02.29,201807,44.99,51.04,0,1,1
XO.LD45..HH.2018.07.21.08.02.34,201807,44.99,54.05,0,1,1
XO.LT13..HH.2018.07.21.08.02.47,201807,44.99,,0,1,1
XO.LT12..HH.2018.07.21.08.02.53,201807,45.0,,0,1,1
XO.LT18..HH.2018.07.21.08.14.41,201807,44.99,51.09,1,1,1
XO.LD44..HH.2018.07.21.08.14.48,201807,45.0,,1,1,1
XO.LA32..HH.2018.07.21.08.15.01,201807,45.0,66.27,1,0,0
XO.WD67..HH.2018.07.21.08.15.06,201807,45.0,,0,1,1
XO.LT10..HH.2018.07.21.08.15.11,201807,44.99,73.33,0,1,1
XO.LT17..HH.2018.07.21.08.28.08,201807,44.99,51.68,0,1,1
XO.WD68..HH.2018.07.21.08.28.22,201807,44.99,,0,1,1
XO.LT18..HH.2018.07.21.10.05.24,201807,44.99,51.51,0,1,1
XO.LT20..HH.2018.07.21.10.05.27,201807,44.99,53.03,0,1,1
XO.WD69..HH.2018.07.21.10.05.28,201807,44.99,,0,1,1
XO.WD65..HH.2018.07.21.10.05.43,201807,44.99,,0,1,1
XO.WD59..HH.2018.07.21.10.09.31,201807,44.99,,1,1,1
XO.LD45..HH.2018.07.21.11.48.06,201807,45.0,,1,1,1
XO.LT13..HH.2018.07.21.11.48.19,201807,44.99,,0,1,1
XO.LT16..HH.2018.07.21.11.48.22,201807,45.0,,0,1,1
XO.LT01..HH.2018.07.21.06.55.54,201807,,44.99,0,1,1
XO.LD40..HH.2018.07.21.07.49.29,201807,44.99,66.43,0,1,1
XO.LT20..HH.2018.07.21.08.21.14,201807,44.99,53.46,0,1,1
XO.LT18..HH.2018.07.21.09.52.12,201807,44.99,51.55,0,1,1
XO.LD44..HH.2018.07.21.09.52.29,201807,,44.99,0,1,1
XO.LA34..HH.2018.07.21.09.52.42,201807,,45.0,0,0,0
XO.LT04..HH.2018.07.21.16.10.26,201807,,44.99,0,0,0
XO.WD49..HH.2018.07.21.22.57.32,201807,45.0,,0,1,1
XO.LT01..HH.2018.07.21.22.57.52,201807,,45.0,0,1,1
XO.WS75..HH.2018.07.22.00.28.35,201807,,45.0,0,1,1
XO.LT17..HH.2018.07.22.00.27.59,201807,45.0,71.24,0,1,1
XO.LT12..HH.2018.07.22.00.27.48,201807,45.0,,0,1,1
XO.WD62..HH.2018.07.22.00.28.09,201807,44.99,,0,1,1
XO.WD58..HH.2018.07.22.00.28.10,201807,44.99,,0,1,1
XO.LT04..HH.2018.07.22.16.21.10,201807,44.99,65.31,1,1,1
XO.WS75..HH.2018.07.22.16.21.18,201807,45.0,72.99,0,1,1
XO.LD41..HH.2018.07.22.16.21.19,201807,44.99,,0,1,1
XO.LT20..HH.2018.07.22.16.21.20,201807,44.99,,0,1,1
XO.LT20..HH.2018.07.22.17.12.47,201807,45.0,53.61,0,1,1
XO.WD68..HH.2018.07.22.17.12.59,201807,44.99,62.56,1,1,1
XO.LA30..HH.2018.07.22.17.13.08,201807,45.0,70.56,0,1,1
XO.LD36..HH.2018.07.22.17.13.23,201807,45.0,,0,1,1
XO.LT12..HH.2018.07.23.11.32.01,201807,45.0,,0,1,1
XO.WD61..HH.2018.07.23.11.32.03,201807,44.99,,0,1,1
XO.LA21..HH.2018.07.23.11.32.04,201807,45.0,,0,1,1
XO.LT18..HH.2018.07.23.14.43.47,201807,44.99,,0,1,1
XO.LT20..HH.2018.07.23.14.47.03,201807,44.99,53.53,0,1,1
XO.LT15..HH.2018.07.24.04.12.07,201807,45.0,51.68,1,1,1
XO.LT17..HH.2018.07.24.04.12.25,201807,44.99,,0,1,1
XO.WS75..HH.2018.07.24.04.12.27,201807,45.0,,1,1,1
XO.WD63..HH.2018.07.24.04.12.34,201807,44.99,,1,1,1
XO.LT09..HH.2018.07.24.04.16.32,201807,45.0,50.78,1,1,1
XO.LT15..HH.2018.07.24.04.16.32,201807,45.0,51.71,0,1,1
XO.LT10..HH.2018.07.24.04.16.34,201807,44.99,52.22,1,1,1
XO.LD45..HH.2018.07.24.04.16.50,201807,45.0,65.94,0,1,1
XO.LD44..HH.2018.07.24.04.16.51,201807,45.0,66.48,0,1,1
XO.WD58..HH.2018.07.24.04.16.52,201807,44.99,66.95,1,1,1
XO.WD53..HH.2018.07.24.04.17.03,201807,44.99,,1,1,1
XO.LA25..HH.2018.07.24.14.29.30,201807,44.99,78.95,0,1,1
XO.WD62..HH.2018.07.24.14.29.24,201807,44.99,74.48,1,1,1
XO.WD69..HH.2018.07.24.14.29.03,201807,44.99,62.96,0,1,1
XO.LA33..HH.2018.07.24.15.50.41,201807,44.99,,0,1,1
XO.LA30..HH.2018.07.24.15.50.43,201807,44.99,,0,1,1
XO.LT14..HH.2018.07.24.15.50.44,201807,44.99,,0,1,1
XO.LT15..HH.2018.07.24.15.50.47,201807,,44.99,0,1,1
XO.WD68..HH.2018.07.24.15.50.55,201807,44.99,68.03,0,1,1
XO.WD63..HH.2018.07.24.15.50.59,201807,44.99,71.2,0,1,1
XO.WD67..HH.2018.07.24.15.51.05,201807,45.0,75.01,0,1,1
XO.WD64..HH.2018.07.24.15.51.38,201807,,45.0,0,1,1
XO.WD55..HH.2018.07.24.04.19.19,201807,,44.99,0,0,1
XO.LT12..HH.2018.07.24.04.18.21,201807,45.0,48.87,1,1,1
XO.LT14..HH.2018.07.24.04.18.28,201807,44.99,,0,1,1
XO.LA33..HH.2018.07.24.04.18.32,201807,45.0,58.52,0,1,1
XO.LT13..HH.2018.07.24.04.13.05,201807,44.99,53.16,0,1,1
XO.LT16..HH.2018.07.24.04.13.08,201807,45.0,,0,0,1
XO.WD46..HH.2018.07.24.20.21.13,201807,44.99,,1,0,0
XO.WD56..HH.2018.07.24.20.21.44,201807,44.99,,0,1,1
XO.WS74..HH.2018.07.25.04.07.49,201807,44.99,,0,1,1
XO.WD68..HH.2018.07.25.04.07.52,201807,45.0,,0,1,1
XO.LA28..HH.2018.07.25.21.38.27,201807,44.99,71.2,1,1,1
XO.WD66..HH.2018.07.25.21.37.52,201807,44.99,,1,1,1
XO.LD44..HH.2018.07.25.21.37.59,201807,44.99,52.26,1,1,1
XO.LT20..HH.2018.07.25.21.38.17,201807,44.99,,0,1,1
XO.LA25..HH.2018.07.25.21.38.31,201807,44.99,,0,1,1
XO.LT16..HH.2018.07.25.04.14.41,201807,45.0,54.99,0,1,1
XO.WD66..HH.2018.07.25.18.33.52,201807,44.99,,1,1,1
XO.LD44..HH.2018.07.25.18.33.58,201807,44.99,52.17,1,1,1
XO.WD68..HH.2018.07.25.18.33.58,201807,44.99,52.23,1,1,1
XO.WD52..HH.2018.07.25.18.34.03,201807,44.99,54.14,0,1,1
XO.LA21..HH.2018.07.25.18.34.32,201807,45.0,,1,1,1
XO.LD40..HH.2018.07.26.10.55.02,201807,44.99,66.85,0,1,1
XO.WD70..HH.2018.07.26.10.54.53,201807,44.99,,0,1,1
XO.LA29..HH.2018.07.26.11.38.26,201807,,45.0,0,0,0
XO.LA29..HH.2018.07.26.08.11.03,201807,45.0,57.43,0,0,1
XO.LA26..HH.2018.07.26.08.11.23,201807,,45.0,0,0,1
XO.WD50..HH.2018.07.26.15.26.07,201807,45.0,67.02,0,1,1
XO.LD38..HH.2018.07.26.15.26.05,201807,44.99,65.62,0,1,1
XO.LA25..HH.2018.07.27.17.13.11,201807,44.99,77.24,0,1,0
XO.WD51..HH.2018.07.27.17.13.32,201807,,44.99,0,1,1
XO.LA23..HH.2018.07.27.17.13.42,201807,,45.0,0,1,1
XO.LA39..HH.2018.07.27.22.32.01,201807,45.0,68.46,0,1,1
XO.WD56..HH.2018.07.27.22.32.10,201807,45.0,,0,0,0
XO.WD46..HH.2018.07.27.00.53.08,201807,45.0,,1,0,0
XO.WD70..HH.2018.07.27.00.53.16,201807,45.0,59.18,0,1,1
XO.WD54..HH.2018.07.27.00.53.02,201807,45.0,49.69,1,1,1
XO.WS72..HH.2018.07.27.12.47.55,201807,44.99,,0,1,1
XO.WD50..HH.2018.07.27.13.49.07,201807,45.0,66.28,0,1,1
XO.WD70..HH.2018.07.27.14.45.35,201807,44.99,60.82,0,1,1
XO.WS72..HH.2018.07.27.14.45.38,201807,44.99,62.39,0,1,1
XO.LT07..HH.2018.07.27.17.42.34,201807,,44.99,0,1,1
XO.LT20..HH.2018.07.27.20.02.37,201807,44.99,52.82,1,1,1
XO.LD45..HH.2018.07.28.12.21.53,201807,44.99,,1,1,1
XO.LT13..HH.2018.07.28.12.21.57,201807,44.99,56.9,0,1,1
XO.LA33..HH.2018.07.28.12.21.59,201807,44.99,58.36,1,1,1
XO.WD50..HH.2018.07.28.03.44.40,201807,44.99,62.09,0,1,1
XO.WS72..HH.2018.07.28.03.44.35,201807,45.0,58.7,0,1,1
XO.LT20..HH.2018.07.28.05.28.40,201807,45.0,,0,1,1
XO.WD70..HH.2018.07.28.06.04.54,201807,44.99,,0,1,1
XO.WD54..HH.2018.07.28.06.04.55,201807,,44.99,0,1,1
XO.LA39..HH.2018.07.28.06.14.22,201807,45.0,59.69,1,1,1
XO.LT06..HH.2018.07.29.12.23.19,201807,45.0,60.3,1,1,1
XO.WS71..HH.2018.07.29.12.23.26,201807,45.0,67.88,1,1,1
XO.LT14..HH.2018.07.29.12.23.33,201807,45.0,,0,1,1
XO.LT12..HH.2018.07.29.12.23.36,201807,45.0,,0,1,1
XO.WD54..HH.2018.07.29.12.16.32,201807,45.0,50.84,1,1,1
XO.LT07..HH.2018.07.30.11.33.29,201807,45.0,53.26,1,1,1
XO.LA30..HH.2018.07.30.11.33.47,201807,44.99,,0,1,1
XO.LA32..HH.2018.07.30.11.33.50,201807,45.0,69.41,0,1,1
XO.WD58..HH.2018.07.30.11.33.55,201807,44.99,73.15,0,1,1
XO.LT15..HH.2018.07.30.11.34.05,201807,,45.0,0,1,1
XO.WS75..HH.2018.07.30.11.34.05,201807,44.99,80.62,0,1,1
XO.WS72..HH.2018.07.30.23.50.10,201807,44.99,60.58,0,1,1
XO.WS71..HH.2018.07.30.23.50.19,201807,44.99,,0,1,1
XO.LD41..HH.2018.07.30.23.50.28,201807,44.99,,0,1,1
XO.WD53..HH.2018.07.30.12.27.58,201807,45.0,,0,1,1
XO.WS71..HH.2018.07.30.12.28.04,201807,,45.0,0,1,1
XO.LT01..HH.2018.07.31.12.25.28,201807,45.0,,0,1,1
XO.LD38..HH.2018.07.31.12.25.39,201807,,45.0,0,1,1
XO.WD57..HH.2018.07.31.12.25.44,201807,45.0,,0,1,1
XO.WD46..HH.2018.07.31.12.44.00,201807,44.99,,0,0,0
XO.WS72..HH.2018.07.31.12.44.12,201807,44.99,60.51,0,1,1
XO.LA39..HH.2018.07.31.06.49.44,201807,45.0,59.88,1,1,1
XO.WD57..HH.2018.07.31.06.59.56,201807,44.99,77.2,0,1,1
XO.WD70..HH.2018.07.31.06.59.30,201807,44.99,58.65,0,1,1
XO.WD48..HH.2018.07.31.06.59.34,201807,44.99,61.67,1,1,1
XO.WD49..HH.2018.07.31.06.59.43,201807,44.99,,0,1,1
XO.LA39..HH.2018.07.31.07.01.07,201807,,45.0,0,0,0
XO.WS71..HH.2018.07.31.07.01.27,201807,,45.0,0,0,0
XO.WD70..HH.2018.07.31.07.03.13,201807,,45.0,0,0,1
XO.WD49..HH.2018.07.31.09.40.21,201807,45.0,,0,1,1
XO.WD46..HH.2018.07.31.09.59.37,201807,45.0,,0,0,0
XO.WD48..HH.2018.07.31.09.59.54,201807,44.99,62.27,0,1,1
XO.WD57..HH.2018.07.31.10.03.11,201807,45.0,,0,1,1
XO.LA39..HH.2018.07.31.11.43.28,201807,,45.0,0,0,1
XO.WD51..HH.2018.07.31.11.50.35,201807,45.0,65.67,0,1,1
XO.WS72..HH.2018.07.31.12.34.17,201807,,44.99,0,1,1
XO.WS71..HH.2018.07.31.12.34.35,201807,,44.99,0,1,0
XO.WD48..HH.2018.07.31.13.23.26,201807,44.99,61.85,1,1,1
XO.LD41..HH.2018.07.31.13.24.04,201807,,45.0,0,1,1
XO.WS72..HH.2018.07.31.13.48.03,201807,,45.0,0,1,1
XO.LA39..HH.2018.07.31.13.47.46,201807,45.0,60.38,0,1,1
XO.LT07..HH.2018.07.31.14.34.07,201807,44.99,53.85,0,1,1
XO.LT12..HH.2018.07.31.14.34.22,201807,45.0,65.08,0,1,1
XO.WD57..HH.2018.07.31.14.34.27,201807,44.99,69.64,0,1,1
XO.WS72..HH.2018.07.31.14.34.33,201807,44.99,73.83,0,1,1
XO.LA33..HH.2018.07.31.14.34.33,201807,44.99,,1,1,1
XO.LA39..HH.2018.07.31.14.32.05,201807,45.0,57.03,0,1,1
XO.WD51..HH.2018.07.31.17.09.43,201807,45.0,70.69,0,1,1
XO.WD70..HH.2018.07.31.17.09.31,201807,44.99,62.03,0,1,1
XO.WD49..HH.2018.07.31.17.09.48,201807,45.0,,0,1,1
XO.WD48..HH.2018.07.31.23.43.46,201807,,44.99,0,1,1
XO.LD40..HH.2018.07.01.15.44.41,201807,45.0,70.62,0,1,1
XO.LA39..HH.2018.07.01.15.44.48,201807,,44.99,0,1,0
XO.LA39..HH.2018.07.02.10.27.32,201807,45.0,59.25,0,1,1
XO.LD45..HH.2018.07.07.12.17.44,201807,44.99,63.67,0,1,1
XO.LT16..HH.2018.07.07.12.17.52,201807,45.0,,0,1,1
XO.LA34..HH.2018.07.07.12.17.52,201807,45.0,69.43,1,1,1
XO.LA33..HH.2018.07.07.12.17.55,201807,44.99,,1,1,1
XO.LA28..HH.2018.07.07.12.18.05,201807,44.99,,0,1,1
XO.LA39..HH.2018.07.12.06.51.24,201807,45.0,59.47,0,1,1
XO.LT01..HH.2018.07.12.06.51.58,201807,,45.0,0,0,0
XO.LD40..HH.2018.07.13.11.58.35,201807,,45.0,0,1,1
XO.LT01..HH.2018.07.15.22.56.46,201807,,45.0,0,1,1
XO.LA39..HH.2018.07.21.22.22.28,201807,,44.99,0,0,1
XO.WS72..HH.2018.07.25.11.33.25,201807,44.99,62.62,0,1,1
XO.WD48..HH.2018.07.25.11.33.25,201807,44.99,63.22,0,1,1
XO.WD51..HH.2018.07.25.11.33.33,201807,44.99,67.98,0,1,1
XO.WD49..HH.2018.07.25.11.33.38,201807,44.99,,0,1,1
XO.LD38..HH.2018.07.25.11.33.48,201807,,45.0,0,0,1
XO.LT01..HH.2018.07.25.11.33.54,201807,,44.99,0,1,1
XO.LA33..HH.2018.07.26.07.31.37,201807,45.0,58.09,0,1,1
XO.LT13..HH.2018.07.26.07.31.29,201807,44.99,51.9,0,1,1
XO.WS74..HH.2018.07.26.07.31.39,201807,44.99,,0,1,1
XO.LT04..HH.2018.07.01.20.57.50,201807,44.99,,0,0,1
XO.LD40..HH.2018.07.01.21.11.45,201807,,44.99,0,1,1
XO.LA21..HH.2018.07.02.10.35.26,201807,44.99,54.08,0,1,1
XO.LA26..HH.2018.07.02.10.35.32,201807,45.0,,0,1,1
XO.LT07..HH.2018.07.02.10.35.41,201807,45.0,,0,0,1
XO.LT13..HH.2018.07.03.07.10.15,201807,44.99,,0,1,1
XO.LT01..HH.2018.07.04.17.33.43,201807,,45.0,0,0,1
XO.LT07..HH.2018.07.05.00.42.23,201807,44.99,,0,1,1
XO.LA39..HH.2018.07.05.00.42.49,201807,,44.99,0,0,1
XO.LA29..HH.2018.07.05.19.54.01,201807,,45.0,0,0,0
XO.LT10..HH.2018.07.06.20.10.30,201807,45.0,55.94,0,1,1
XO.LT06..HH.2018.07.06.20.10.34,201807,,45.0,0,1,1
XO.LT04..HH.2018.07.07.07.33.12,201807,44.99,55.42,0,1,1
XO.LD45..HH.2018.07.10.18.47.50,201807,44.99,,0,1,1
XO.LA33..HH.2018.07.10.18.48.03,201807,44.99,,0,1,1
XO.LT16..HH.2018.07.11.19.47.18,201807,45.0,,0,1,1
XO.LT20..HH.2018.07.11.07.07.38,201807,,44.99,0,1,0
XO.LT12..HH.2018.07.11.07.07.41,201807,,45.0,0,1,1
XO.LD45..HH.2018.07.11.07.07.50,201807,,44.99,0,1,1
XO.LA32..HH.2018.07.11.07.07.52,201807,,44.99,0,1,1
XO.LT16..HH.2018.07.12.04.09.09,201807,45.0,50.84,0,1,1
XO.LD40..HH.2018.07.15.02.04.38,201807,,44.99,0,0,0
XO.LA39..HH.2018.07.20.18.44.31,201807,44.99,64.07,0,1,1
XO.WD46..HH.2018.07.14.19.25.48,201807,44.99,,0,0,0
XO.LA39..HH.2018.07.18.02.49.23,201807,44.99,63.92,0,1,1
XO.LT13..HH.2018.07.18.13.01.43,201807,44.99,,0,0,1
XO.LT13..HH.2018.07.21.00.02.15,201807,44.99,56.07,0,1,1
XO.WD69..HH.2018.07.21.15.15.02,201807,44.99,57.42,0,1,1
XO.LT17..HH.2018.07.21.15.15.02,201807,44.99,,0,0,1
XO.WS75..HH.2018.07.21.15.15.13,201807,,44.99,0,1,1
XO.WS75..HH.2018.07.22.02.53.35,201807,45.0,,0,1,1
XO.LT01..HH.2018.07.22.22.51.51,201807,,44.99,0,1,0
XO.LA39..HH.2018.07.22.22.51.22,201807,45.0,58.77,0,1,1
XO.WD67..HH.2018.07.24.19.14.03,201807,45.0,56.18,0,1,1
XO.WD53..HH.2018.07.25.00.59.51,201807,44.99,,0,1,1
XO.WD57..HH.2018.07.25.00.59.51,201807,45.0,,0,1,1
XO.LT15..HH.2018.07.25.03.30.53,201807,45.0,49.89,0,1,1
XO.LT14..HH.2018.07.25.03.31.03,201807,44.99,,0,1,1
XO.WD54..HH.2018.07.25.08.22.55,201807,44.99,,0,0,0
XO.LD44..HH.2018.07.25.17.26.25,201807,44.99,50.68,0,1,1
XO.WD69..HH.2018.07.25.22.03.55,201807,44.99,53.6,0,1,1
XO.WS74..HH.2018.07.25.22.03.59,201807,44.99,,0,1,1
XO.WD68..HH.2018.07.25.22.04.06,201807,44.99,62.23,0,1,1
XO.LA33..HH.2018.07.25.22.04.29,201807,,45.0,0,0,0
XO.LD36..HH.2018.07.25.06.12.34,201807,44.99,79.85,0,1,1
XO.LA28..HH.2018.07.25.06.12.35,201807,44.99,,0,1,1
XO.WD56..HH.2018.07.25.06.12.38,201807,45.0,,0,1,1
XO.LA23..HH.2018.07.25.06.12.38,201807,45.0,,0,1,1
XO.LT16..HH.2018.07.25.06.13.01,201807,,45.0,0,1,1
XO.WD61..HH.2018.07.25.14.10.24,201807,45.0,,0,1,1
XO.LT01..HH.2018.07.26.13.34.31,201807,,44.99,0,0,1
XO.LA39..HH.2018.07.26.17.39.25,201807,45.0,59.32,0,1,1
XO.LD40..HH.2018.07.26.17.39.51,201807,,45.0,0,0,0
XO.LA33..HH.2018.07.26.19.18.07,201807,,44.99,0,1,1
XO.WD64..HH.2018.07.26.19.17.55,201807,44.99,,0,1,1
XO.WS74..HH.2018.07.26.19.18.04,201807,,44.99,0,0,1
XO.WD70..HH.2018.07.26.21.48.46,201807,45.0,63.27,0,1,1
XO.WS72..HH.2018.07.26.21.48.50,201807,44.99,65.24,0,1,1
XO.WD49..HH.2018.07.26.21.49.02,201807,45.0,73.3,0,1,1
XO.WS72..HH.2018.07.26.07.31.27,201807,44.99,59.75,0,1,1
XO.LD45..HH.2018.07.27.05.54.23,201807,44.99,,0,1,1
XO.WD69..HH.2018.07.27.17.19.03,201807,44.99,,0,1,1
XO.LD41..HH.2018.07.27.17.27.32,201807,44.99,59.43,0,1,1
XO.LD36..HH.2018.07.27.17.28.15,201807,,44.99,0,1,1
XO.LD38..HH.2018.07.27.21.41.18,201807,45.0,,0,1,1
XO.WS72..HH.2018.07.27.21.41.16,201807,44.99,59.09,0,1,1
XO.WD54..HH.2018.07.28.05.17.43,201807,45.0,50.52,0,1,1
XO.LD40..HH.2018.07.28.07.51.26,201807,,45.0,0,0,0
XO.WD50..HH.2018.07.28.15.41.40,201807,45.0,66.52,0,1,1
XO.WS72..HH.2018.07.29.05.06.35,201807,45.0,59.46,1,1,1
XO.WD54..HH.2018.07.29.05.06.27,201807,44.99,54.14,0,1,1
XO.LD38..HH.2018.07.29.06.15.18,201807,44.99,52.69,0,1,1
XO.LT14..HH.2018.07.29.08.44.57,201807,44.99,,0,1,1
XO.LA32..HH.2018.07.29.08.44.57,201807,45.0,,1,1,1
XO.LT16..HH.2018.07.29.08.44.57,201807,44.99,,0,1,1
XO.LT15..HH.2018.07.29.08.44.59,201807,,45.0,1,1,1
XO.LA29..HH.2018.07.29.08.45.00,201807,45.0,55.97,0,0,1
XO.WD46..HH.2018.07.29.10.43.22,201807,45.0,,0,0,0
XO.WD50..HH.2018.07.29.10.43.41,201807,45.0,64.9,0,0,1
XO.WD49..HH.2018.07.29.10.43.46,201807,45.0,67.74,0,1,1
XO.LT06..HH.2018.07.29.10.49.58,201807,45.0,52.98,0,1,1
XO.WD51..HH.2018.07.29.10.50.19,201807,45.0,,0,1,1
XO.LT17..HH.2018.07.29.14.28.17,201807,45.0,51.0,0,1,1
XO.LA39..HH.2018.07.31.05.39.22,201807,44.99,60.8,0,1,1
XO.WD50..HH.2018.07.31.05.39.24,201807,44.99,61.14,0,1,1
XO.LD40..HH.2018.07.31.16.56.54,201807,,45.0,0,1,1
XO.WD69..HH.2018.07.31.19.21.34,201807,44.99,55.11,0,1,1
XO.LD44..HH.2018.07.31.19.21.36,201807,44.99,56.18,0,1,1
XO.LT01..HH.2018.07.31.23.15.16,201807,,45.0,0,0,1
XO.LA39..HH.2018.07.31.13.47.53,201807,45.0,,0,1,1
