sample_id,snr_db,gap_ratio,clipping_ratio,available_channels,missing_channels,status
XO.LT07..HH.2018.05.12.20.49.55,13.6,0.0,0.0007,Z|N|E|H,,OK
XO.LT06..HH.2018.05.12.20.49.48,15.5,0.25,0.0001,Z|N|H,E,OK
XO.LT07..HH.2018.05.13.11.47.49,9.6,0.0,0.0007,Z|N|E|H,,OK
XO.LT14..HH.2018.05.13.16.49.13,10.4,0.25,0.0014,Z|N|H,E,OK
XO.LT14..HH.2018.05.13.18.48.42,10.7,0.25,0.0027,Z|N|H,E,OK
XO.LT06..HH.2018.05.14.09.20.39,15.7,0.25,0.0072,Z|N|H,E,OK
XO.LT07..HH.2018.05.15.13.02.52,6.1,0.0,0.0005,Z|N|E|H,,OK
XO.LD36..HH.2018.05.15.13.54.09,14.4,0.25,0.0007,Z|N|E,,OK
XO.LA25..HH.2018.05.15.13.54.12,13.4,0.25,0.0012,Z|N|H,E,OK
XO.LT07..HH.2018.05.15.10.17.37,9.5,0.0,0.0007,Z|N|E|H,,OK
XO.LT14..HH.2018.05.15.19.26.15,10.8,0.25,0.0035,Z|N|H,E,OK
XO.LT07..HH.2018.05.16.12.54.57,8.0,0.0,0.0006,Z|N|E|H,,OK
XO.LT07..HH.2018.05.18.22.11.25,6.3,0.0,0.0005,Z|N|E|H,,OK
XO.LT17..HH.2018.05.19.02.03.22,0.9,0.0,0.0006,Z|N|E|H,,OK
XO.LT18..HH.2018.05.19.02.03.22,13.5,0.25,0.0009,Z|N|H,E,OK
XO.LT12..HH.2018.05.19.17.46.44,7.0,0.0,0.0023,Z|N|E|H,,OK
XO.LT14..HH.2018.05.19.17.46.44,11.6,0.25,0.004,Z|N|H,E,OK
XO.LT20..HH.2018.05.19.19.23.05,12.9,0.25,0.001,Z|N|E,,OK
XO.LT17..HH.2018.05.19.22.03.45,3.5,0.0,0.0009,Z|N|E|H,,OK
XO.LT17..HH.2018.05.20.00.22.24,2.4,0.0,0.0007,Z|N|E|H,,OK
XO.LT20..HH.2018.05.20.00.22.19,14.7,0.25,0.0007,Z|N|E,,OK
XO.LA25..HH.2018.05.21.03.48.10,11.1,0.25,0.0013,Z|N|H,E,OK
XO.LT10..HH.2018.05.21.03.48.30,1.0,0.0,0.0006,Z|N|E|H,,OK
XO.LT14..HH.2018.05.21.04.42.07,9.5,0.25,0.0028,Z|N|H,E,OK
XO.LA30..HH.2018.05.21.04.42.52,9.6,0.0,0.0017,Z|N|E|H,,OK
XO.LA33..HH.2018.05.21.19.58.59,7.5,0.0,0.0009,Z|N|E|H,,OK
XO.LT18..HH.2018.05.22.23.57.53,9.0,0.25,0.0018,Z|N|H,E,OK
XO.LT17..HH.2018.05.22.23.57.56,2.8,0.0,0.0006,Z|N|E|H,,OK
XO.LT18..HH.2018.05.22.05.23.43,12.0,0.25,0.002,Z|N|H,E,OK
XO.LT18..HH.2018.05.22.11.57.00,9.5,0.25,0.0008,Z|N|H,E,OK
XO.LT13..HH.2018.05.22.11.57.14,1.0,0.0,0.0006,Z|N|E|H,,OK
XO.LT14..HH.2018.05.23.05.00.54,11.5,0.25,0.0028,Z|N|H,E,OK
XO.LT15..HH.2018.05.23.00.51.43,3.2,0.0,0.0002,Z|N|E|H,,OK
XO.LA25..HH.2018.05.23.00.51.49,11.7,0.25,0.0014,Z|N|H,E,OK
XO.LD36..HH.2018.05.23.00.51.50,13.8,0.25,0.001,Z|N|E,,OK
XO.LD41..HH.2018.05.24.03.19.38,11.2,0.25,0.0004,Z|N|E,,OK
XO.LD41..HH.2018.05.24.12.30.13,11.1,0.25,0.0007,Z|N|E,,OK
XO.LT20..HH.2018.05.25.06.03.39,14.5,0.25,0.0015,Z|N|E,,OK
XO.LD45..HH.2018.05.25.06.30.42,14.3,0.25,0.0027,Z|N|E,,OK
XO.LA26..HH.2018.05.25.06.30.46,16.9,0.0,0.0053,Z|N|E|H,,OK
XO.LA34..HH.2018.05.25.06.30.56,7.8,0.0,0.0003,Z|N|E|H,,OK
XO.LA29..HH.2018.05.25.06.30.57,3.4,0.0,0.0005,Z|N|E|H,,OK
XO.LD41..HH.2018.05.25.04.54.19,11.8,0.25,0.0011,Z|N|E,,OK
XO.LD41..HH.2018.05.25.05.36.36,11.6,0.25,0.0005,Z|N|E,,OK
XO.LT04..HH.2018.05.25.08.10.32,2.7,0.0,0.0007,Z|N|E|H,,OK
XO.LT04..HH.2018.05.25.08.40.15,3.1,0.0,0.0001,Z|N|E|H,,OK
XO.LT18..HH.2018.05.26.11.55.24,10.5,0.25,0.0028,Z|N|H,E,OK
XO.LD44..HH.2018.05.26.11.58.59,11.0,0.25,0.0001,Z|N|E,,OK
XO.LA33..HH.2018.05.26.11.59.11,2.2,0.0,0.0007,Z|N|E|H,,OK
XO.LD38..HH.2018.05.26.19.37.24,13.6,0.25,0.0001,Z|N|E,,OK
XO.LD41..HH.2018.05.26.10.39.55,12.0,0.25,0.0003,Z|N|E,,OK
XO.LD40..HH.2018.05.26.14.57.05,16.5,0.25,0.0028,Z|N|E,,OK
XO.LD41..HH.2018.05.27.16.25.34,12.5,0.25,0.0001,Z|N|E,,OK
XO.LA23..HH.2018.05.27.18.30.11,8.4,0.0,0.0002,Z|N|E|H,,OK
XO.LT06..HH.2018.05.27.18.30.20,15.2,0.25,0.0004,Z|N|H,E,OK
XO.LA29..HH.2018.05.27.18.30.30,6.1,0.0,0.0013,Z|N|E|H,,OK
XO.LT20..HH.2018.05.27.14.38.01,13.3,0.25,0.0007,Z|N|E,,OK
XO.LA32..HH.2018.05.28.07.33.19,11.3,0.0,0.0013,Z|N|E|H,,OK
XO.LT20..HH.2018.05.28.07.32.51,15.1,0.25,0.0022,Z|N|E,,OK
XO.LD40..HH.2018.05.28.04.25.32,13.3,0.25,0.0007,Z|N|E,,OK
XO.LT01..HH.2018.05.28.08.07.29,14.5,0.0,0.0014,Z|N|E|H,,OK
XO.LD41..HH.2018.05.28.12.50.00,20.2,0.25,0.0006,Z|N|E,,OK
XO.LA39..HH.2018.05.28.12.49.32,4.4,0.0,0.0005,Z|N|E|H,,OK
XO.LD38..HH.2018.05.29.03.57.24,13.8,0.25,0.0022,Z|N|E,,OK
XO.LT20..HH.2018.05.29.21.25.20,13.1,0.25,0.0003,Z|N|E,,OK
XO.LT06..HH.2018.05.29.04.40.08,13.6,0.25,0.0011,Z|N|H,E,OK
XO.LT04..HH.2018.05.29.04.40.11,4.2,0.0,0.0003,Z|N|E|H,,OK
XO.LT07..HH.2018.05.29.04.40.03,11.9,0.0,0.0005,Z|N|E|H,,OK
XO.LA39..HH.2018.05.29.10.05.54,8.1,0.0,0.0003,Z|N|E|H,,OK
XO.LT16..HH.2018.05.30.02.35.18,23.3,0.75,0.0005,Z|H,N|E,OK
XO.LA26..HH.2018.05.30.02.35.28,3.5,0.0,0.0003,Z|N|E|H,,OK
XO.LT20..HH.2018.05.30.02.35.41,13.3,0.25,0.0009,Z|N|E,,OK
XO.LA39..HH.2018.05.30.05.12.11,11.2,0.0,0.0006,Z|N|E|H,,OK
XO.LD41..HH.2018.05.30.20.36.25,13.1,0.25,0.0001,Z|N|E,,OK
XO.LA39..HH.2018.05.30.08.25.25,7.6,0.0,0.0007,Z|N|E|H,,OK
XO.LT01..HH.2018.05.30.09.48.51,9.7,0.0,0.0023,Z|N|E|H,,OK
XO.LA39..HH.2018.05.30.10.57.15,5.3,0.0,0.0006,Z|N|E|H,,OK
XO.LD41..HH.2018.05.30.15.34.41,12.2,0.25,0.0006,Z|N|E,,OK
XO.LA39..HH.2018.05.30.19.04.27,9.9,0.0,0.0003,Z|N|E|H,,OK
XO.LA39..HH.2018.05.30.21.27.46,7.2,0.0,0.0009,Z|N|E|H,,OK
XO.LT04..HH.2018.05.31.01.58.18,5.7,0.0,0.0008,Z|N|E|H,,OK
XO.LD40..HH.2018.05.31.08.14.27,13.0,0.25,0.0005,Z|N|E,,OK
XO.LT06..HH.2018.05.31.10.11.26,13.7,0.25,0.0029,Z|N|H,E,OK
XO.LD40..HH.2018.05.31.19.02.50,10.7,0.25,0.0007,Z|N|E,,OK
XO.LT18..HH.2018.05.31.17.51.09,13.9,0.25,0.0059,Z|N|H,E,OK
XO.LD41..HH.2018.05.25.12.35.29,11.3,0.25,0.0005,Z|N|E,,OK
XO.LT04..HH.2018.05.25.12.35.31,3.5,0.0,0.0008,Z|N|E|H,,OK
XO.LT01..HH.2018.05.25.23.04.56,8.0,0.0,0.0013,Z|N|E|H,,OK
XO.LD38..HH.2018.05.27.10.36.29,14.2,0.25,0.0001,Z|N|E,,OK
XO.LA39..HH.2018.05.29.06.56.15,8.2,0.0,0.0009,Z|N|E|H,,OK
XO.LT14..HH.2018.05.30.01.52.09,17.9,0.25,0.0027,Z|N|H,E,OK
XO.LA28..HH.2018.05.30.01.52.24,11.5,0.25,0.0007,Z|N|H,E,OK
XO.LA39..HH.2018.05.30.08.39.12,6.0,0.0,0.0004,Z|N|E|H,,OK
XO.LD36..HH.2018.05.29.00.36.40,13.1,0.25,0.0009,Z|N|E,,OK
XO.LD41..HH.2018.05.29.07.10.38,13.3,0.25,0.0006,Z|N|E,,OK
XO.LT06..HH.2018.05.29.15.14.24,13.7,0.25,0.0019,Z|N|H,E,OK
XO.LT10..HH.2018.05.29.15.14.28,2.8,0.0,0.0005,Z|N|E|H,,OK
XO.LD38..HH.2018.05.29.16.20.11,16.4,0.25,0.0001,Z|N|E,,OK
XO.LA32..HH.2018.05.29.23.28.31,7.4,0.0,0.0016,Z|N|E|H,,OK
XO.LT09..HH.2018.05.28.09.24.23,5.3,0.0,0.0029,Z|N|E|H,,OK
XO.LA29..HH.2018.05.28.09.24.23,4.4,0.0,0.0005,Z|N|E|H,,OK
XO.LA32..HH.2018.05.28.09.24.25,9.5,0.0,0.0007,Z|N|E|H,,OK
XO.LT06..HH.2018.05.28.18.47.03,16.3,0.25,0.0008,Z|N|H,E,OK
XO.LT04..HH.2018.05.28.22.01.04,10.4,0.0,0.0007,Z|N|E|H,,OK
XO.LD38..HH.2018.05.27.04.41.02,12.1,0.25,0.0011,Z|N|E,,OK
XO.LA21..HH.2018.05.27.04.41.09,9.2,0.25,0.0002,Z|N|H,E,OK
XO.LA25..HH.2018.05.27.04.41.28,12.6,0.25,0.0008,Z|N|H,E,OK
XO.LD40..HH.2018.05.27.15.40.08,11.5,0.25,0.0005,Z|N|E,,OK
XO.LD40..HH.2018.05.27.17.21.08,11.0,0.25,0.0007,Z|N|E,,OK
XO.LT13..HH.2018.05.27.23.08.14,0.7,0.0,0.0005,Z|N|E|H,,OK
XO.LT07..HH.2018.05.24.21.33.57,5.3,0.0,0.0006,Z|N|E|H,,OK
XO.LD36..HH.2018.05.22.02.27.39,11.4,0.25,0.0006,Z|N|E,,OK
XO.LT16..HH.2018.05.22.12.36.22,24.1,0.0,0.0007,Z|N|E|H,,OK
XO.LT10..HH.2018.05.18.16.34.36,6.7,0.0,0.0009,Z|N|E|H,,OK
XO.LT10..HH.2018.05.16.21.10.06,6.4,0.0,0.0011,Z|N|E|H,,OK
XO.LD36..HH.2018.05.15.12.37.51,14.1,0.25,0.0007,Z|N|E,,OK
XO.LT17..HH.2018.06.01.15.49.14,0.3,0.0,0.0005,Z|N|E|H,,OK
XO.LA39..HH.2018.06.01.17.32.37,10.3,0.0,0.0001,Z|N|E|H,,OK
XO.LT04..HH.2018.06.01.18.12.44,4.4,0.0,0.0004,Z|N|E|H,,OK
XO.LD40..HH.2018.06.01.18.41.12,15.6,0.25,0.0004,Z|N|E,,OK
XO.LA39..HH.2018.06.01.18.41.15,4.6,0.0,0.0001,Z|N|E|H,,OK
XO.LA23..HH.2018.06.01.18.42.04,0.5,0.0,0.0008,Z|N|E|H,,OK
XO.LA39..HH.2018.06.01.22.02.14,9.0,0.0,0.0001,Z|N|E|H,,OK
XO.LT04..HH.2018.06.01.22.02.35,5.3,0.0,0.0003,Z|N|E|H,,OK
XO.LD40..HH.2018.06.01.18.36.01,13.3,0.25,0.0007,Z|N|E,,OK
XO.LA25..HH.2018.06.01.20.34.52,12.4,0.25,0.0003,Z|N|H,E,OK
XO.LT13..HH.2018.06.01.20.34.56,1.3,0.0,0.0004,Z|N|E|H,,OK
XO.LT04..HH.2018.06.01.20.35.06,5.3,0.0,0.0005,Z|N|E|H,,OK
XO.LA28..HH.2018.06.01.20.35.12,13.8,0.25,0.0005,Z|N|H,E,OK
XO.LT16..HH.2018.06.01.20.34.51,22.7,0.75,0.0005,Z|H,N|E,OK
XO.LA39..HH.2018.06.01.21.46.51,8.5,0.0,0.0015,Z|N|E|H,,OK
XO.LT04..HH.2018.06.02.13.39.17,5.2,0.0,0.0011,Z|N|E|H,,OK
XO.LD40..HH.2018.06.02.15.35.07,11.1,0.25,0.0001,Z|N|E,,OK
XO.LT01..HH.2018.06.02.15.44.09,11.1,0.0,0.002,Z|N|E|H,,OK
XO.LA39..HH.2018.06.02.20.17.45,7.3,0.0,0.0002,Z|N|E|H,,OK
XO.LT01..HH.2018.06.02.21.04.45,8.7,0.0,0.0019,Z|N|E|H,,OK
XO.LA39..HH.2018.06.02.13.10.54,8.5,0.0,0.0001,Z|N|E|H,,OK
XO.LT04..HH.2018.06.02.19.17.37,6.8,0.0,0.0007,Z|N|E|H,,OK
XO.LT06..HH.2018.06.03.04.44.01,13.0,0.25,0.0011,Z|N|H,E,OK
XO.LA39..HH.2018.06.03.07.11.07,5.7,0.0,0.0005,Z|N|E|H,,OK
XO.LD40..HH.2018.06.03.16.09.02,10.8,0.25,0.0003,Z|N|E,,OK
XO.LT01..HH.2018.06.03.16.08.35,11.3,0.0,0.0021,Z|N|E|H,,OK
XO.LD38..HH.2018.06.03.21.07.13,12.1,0.25,0.0003,Z|N|E,,OK
XO.LD41..HH.2018.06.03.05.04.35,9.6,0.25,0.0006,Z|N|E,,OK
XO.LD38..HH.2018.06.03.06.45.02,11.0,0.25,0.0017,Z|N|E,,OK
XO.LT18..HH.2018.06.03.08.02.03,10.9,0.25,0.0005,Z|N|H,E,OK
XO.LA29..HH.2018.06.03.08.02.25,5.8,0.0,0.0005,Z|N|E|H,,OK
XO.LD41..HH.2018.06.03.21.56.35,11.9,0.25,0.0003,Z|N|E,,OK
XO.LT14..HH.2018.06.04.05.38.19,17.9,0.25,0.0033,Z|N|H,E,OK
XO.LT06..HH.2018.06.04.07.27.46,13.9,0.25,0.0008,Z|N|H,E,OK
XO.LA39..HH.2018.06.04.08.53.49,7.7,0.0,0.0002,Z|N|E|H,,OK
XO.LD40..HH.2018.06.04.08.53.55,12.6,0.25,0.0001,Z|N|E,,OK
XO.LT01..HH.2018.06.04.08.53.58,10.5,0.0,0.0024,Z|N|E|H,,OK
XO.LA25..HH.2018.06.04.11.08.53,14.1,0.25,0.0011,Z|N|H,E,OK
XO.LT06..HH.2018.06.04.11.08.54,14.3,0.25,0.0031,Z|N|H,E,OK
XO.LD40..HH.2018.06.04.14.18.52,13.5,0.25,0.0009,Z|N|E,,OK
XO.LD41..HH.2018.06.04.23.19.16,9.9,0.25,0.0001,Z|N|E,,OK
XO.LT01..HH.2018.06.04.23.19.36,10.4,0.0,0.0025,Z|N|E|H,,OK
XO.LT04..HH.2018.06.04.07.08.50,6.7,0.0,0.0007,Z|N|E|H,,OK
XO.LA39..HH.2018.06.04.09.04.57,6.9,0.0,0.0008,Z|N|E|H,,OK
XO.LA39..HH.2018.06.04.09.06.39,8.1,0.0,0.0003,Z|N|E|H,,OK
XO.LT01..HH.2018.06.04.11.30.33,8.0,0.0,0.0022,Z|N|E|H,,OK
XO.LT17..HH.2018.06.05.18.26.28,0.3,0.0,0.0007,Z|N|E|H,,OK
XO.LD40..HH.2018.06.05.13.17.40,13.9,0.25,0.0004,Z|N|E,,OK
XO.LA39..HH.2018.06.05.14.06.23,8.0,0.0,0.0002,Z|N|E|H,,OK
XO.LD36..HH.2018.06.05.15.48.02,16.7,0.25,0.0017,Z|N|E,,OK
XO.LD41..HH.2018.06.05.15.48.13,10.9,0.25,0.0002,Z|N|E,,OK
XO.LD38..HH.2018.06.06.02.46.26,13.9,0.25,0.0007,Z|N|E,,OK
XO.LT07..HH.2018.06.06.09.33.43,9.5,0.0,0.0003,Z|N|E|H,,OK
XO.LT01..HH.2018.06.07.03.06.19,11.2,0.0,0.002,Z|N|E|H,,OK
XO.LT04..HH.2018.06.07.03.06.30,4.3,0.0,0.0005,Z|N|E|H,,OK
XO.LD40..HH.2018.06.07.08.49.44,12.7,0.25,0.0008,Z|N|E,,OK
XO.LT20..HH.2018.06.07.12.05.57,12.0,0.25,0.0003,Z|N|E,,OK
XO.LD38..HH.2018.06.07.16.10.19,13.6,0.25,0.0007,Z|N|E,,OK
XO.LT04..HH.2018.06.07.00.12.59,4.1,0.0,0.0006,Z|N|E|H,,OK
XO.LD40..HH.2018.06.07.01.10.09,10.8,0.25,0.0003,Z|N|E,,OK
XO.LT01..HH.2018.06.07.04.18.38,9.4,0.0,0.0009,Z|N|E|H,,OK
XO.LT01..HH.2018.06.07.05.19.07,7.6,0.0,0.0029,Z|N|E|H,,OK
XO.LT01..HH.2018.06.07.07.54.27,9.9,0.0,0.0013,Z|N|E|H,,OK
XO.LA39..HH.2018.06.07.09.02.11,6.6,0.0,0.0009,Z|N|E|H,,OK
XO.LT16..HH.2018.06.07.10.21.53,25.3,0.0,0.0009,Z|N|E|H,,OK
XO.LT14..HH.2018.06.07.10.21.56,12.3,0.25,0.0062,Z|N|H,E,OK
XO.LD41..HH.2018.06.07.10.22.20,12.8,0.25,0.0008,Z|N|E,,OK
XO.LT06..HH.2018.06.07.14.11.41,15.6,0.25,0.0045,Z|N|H,E,OK
XO.LA34..HH.2018.06.07.18.32.01,7.2,0.0,0.0024,Z|N|E|H,,OK
XO.LA28..HH.2018.06.07.18.32.07,12.9,0.25,0.0011,Z|N|H,E,OK
XO.LA29..HH.2018.06.07.18.32.42,2.9,0.0,0.0007,Z|N|E|H,,OK
XO.LD40..HH.2018.06.07.20.53.26,9.7,0.25,0.0006,Z|N|E,,OK
XO.LT13..HH.2018.06.07.22.52.30,1.1,0.0,0.0007,Z|N|E|H,,OK
XO.LA39..HH.2018.06.09.08.03.20,7.8,0.0,0.0013,Z|N|E|H,,OK
XO.LD40..HH.2018.06.09.09.54.02,8.9,0.25,0.0005,Z|N|E,,OK
XO.LD40..HH.2018.06.09.14.56.05,13.1,0.25,0.0011,Z|N|E,,OK
XO.LA39..HH.2018.06.09.08.43.43,6.6,0.0,0.001,Z|N|E|H,,OK
XO.LA39..HH.2018.06.09.09.39.43,7.2,0.0,0.0008,Z|N|E|H,,OK
XO.LD40..HH.2018.06.09.12.03.23,14.3,0.25,0.0031,Z|N|E,,OK
XO.LA39..HH.2018.06.09.16.14.01,6.5,0.0,0.0003,Z|N|E|H,,OK
XO.LT18..HH.2018.06.09.17.49.02,15.9,0.25,0.0033,Z|N|H,E,OK
XO.LT17..HH.2018.06.09.17.49.04,3.3,0.0,0.0005,Z|N|E|H,,OK
XO.LA28..HH.2018.06.09.23.45.12,13.3,0.25,0.005,Z|N|H,E,OK
XO.LD36..HH.2018.06.10.09.41.22,15.7,0.25,0.0023,Z|N|E,,OK
XO.LA39..HH.2018.06.10.18.56.24,8.1,0.0,0.0006,Z|N|E|H,,OK
XO.LT12..HH.2018.06.11.01.19.00,11.5,0.0,0.0448,Z|N|E|H,,OK
XO.LT13..HH.2018.06.11.01.19.05,1.6,0.0,0.0007,Z|N|E|H,,OK
XO.LT16..HH.2018.06.11.01.18.55,23.7,0.0,0.0005,Z|N|E|H,,OK
XO.LA33..HH.2018.06.11.01.19.13,3.4,0.0,0.0007,Z|N|E|H,,OK
XO.LT04..HH.2018.06.11.01.19.42,4.7,0.0,0.0013,Z|N|E|H,,OK
XO.LT06..HH.2018.06.11.16.27.35,15.5,0.25,0.0019,Z|N|H,E,OK
XO.LD36..HH.2018.06.11.16.27.43,12.5,0.25,0.0001,Z|N|E,,OK
XO.LA28..HH.2018.06.11.16.27.43,17.8,0.25,0.0003,Z|N|H,E,OK
XO.LA32..HH.2018.06.11.16.27.47,8.9,0.0,0.0004,Z|N|E|H,,OK
XO.LT18..HH.2018.06.11.16.27.52,13.4,0.25,0.0001,Z|N|H,E,OK
XO.LA39..HH.2018.06.11.04.58.13,3.8,0.0,0.0007,Z|N|E|H,,OK
XO.LD41..HH.2018.06.11.10.42.15,10.5,0.25,0.0008,Z|N|E,,OK
XO.LD41..HH.2018.06.11.11.37.35,10.4,0.25,0.0005,Z|N|E,,OK
XO.LT18..HH.2018.06.11.14.24.15,10.5,0.25,0.0021,Z|N|H,E,OK
XO.LT01..HH.2018.06.12.07.45.33,5.6,0.0,0.0024,Z|N|E|H,,OK
XO.LD40..HH.2018.06.12.11.07.57,12.7,0.25,0.0002,Z|N|E,,OK
XO.LT01..HH.2018.06.12.23.24.29,9.1,0.0,0.0041,Z|N|E|H,,OK
XO.LA39..HH.2018.06.12.02.22.21,3.6,0.0,0.0001,Z|N|E|H,,OK
XO.LT01..HH.2018.06.12.16.24.38,14.8,0.0,0.0035,Z|N|E|H,,OK
XO.LT01..HH.2018.06.12.18.57.46,11.9,0.0,0.0027,Z|N|E|H,,OK
XO.LT04..HH.2018.06.13.07.42.57,7.8,0.0,0.001,Z|N|E|H,,OK
XO.LD38..HH.2018.06.13.18.40.04,12.5,0.25,0.0013,Z|N|E,,OK
XO.LT04..HH.2018.06.13.18.40.27,12.8,0.0,0.0015,Z|N|E|H,,OK
XO.LA39..HH.2018.06.13.05.20.42,6.0,0.0,0.0005,Z|N|E|H,,OK
XO.LT04..HH.2018.06.13.09.46.21,3.8,0.0,0.0012,Z|N|E|H,,OK
XO.LD38..HH.2018.06.13.16.20.04,12.2,0.25,0.0001,Z|N|E,,OK
XO.LT04..HH.2018.06.13.16.20.36,5.2,0.0,0.0005,Z|N|E|H,,OK
XO.LD40..HH.2018.06.13.23.44.16,11.9,0.25,0.0007,Z|N|E,,OK
XO.LT04..HH.2018.06.14.16.48.05,7.4,0.0,0.0013,Z|N|E|H,,OK
XO.LD40..HH.2018.06.14.16.47.48,17.6,0.25,0.0001,Z|N|E,,OK
XO.LT01..HH.2018.06.14.16.47.51,12.6,0.0,0.0003,Z|N|E|H,,OK
XO.LA39..HH.2018.06.15.00.14.28,7.0,0.0,0.0001,Z|N|E|H,,OK
XO.LA39..HH.2018.06.15.00.21.01,8.9,0.0,0.0009,Z|N|E|H,,OK
XO.LT18..HH.2018.06.15.14.32.38,11.7,0.25,0.0023,Z|N|H,E,OK
XO.LA29..HH.2018.06.16.02.51.48,21.3,0.0,0.0007,Z|N|E|H,,OK
XO.LA33..HH.2018.06.16.02.51.50,7.8,0.0,0.0003,Z|N|E|H,,OK
XO.LD45..HH.2018.06.16.02.51.59,11.2,0.25,0.0002,Z|N|E,,OK
XO.LT07..HH.2018.06.16.14.37.30,15.7,0.0,0.0102,Z|N|E|H,,OK
XO.LD40..HH.2018.06.16.18.21.43,10.4,0.25,0.0007,Z|N|E,,OK
XO.LD38..HH.2018.06.17.04.31.57,27.7,0.25,0.0001,Z|N|E,,OK
XO.LT14..HH.2018.06.17.20.38.39,8.9,0.25,0.0025,Z|N|H,E,OK
XO.LT01..HH.2018.06.18.21.45.13,9.1,0.0,0.0013,Z|N|E|H,,OK
XO.LT12..HH.2018.06.18.21.44.44,4.6,0.0,0.0723,Z|N|E|H,,OK
XO.LD40..HH.2018.06.18.21.44.45,9.9,0.25,0.0004,Z|N|E,,OK
XO.LA32..HH.2018.06.18.22.15.30,14.1,0.0,0.0029,Z|N|E|H,,OK
XO.LA39..HH.2018.06.19.19.12.37,6.9,0.0,0.0003,Z|N|E|H,,OK
XO.LT15..HH.2018.06.19.20.20.15,1.2,0.0,0.0001,Z|N|E|H,,OK
XO.LT10..HH.2018.06.19.20.20.27,2.1,0.0,0.001,Z|N|E|H,,OK
XO.LA34..HH.2018.06.19.20.20.37,5.8,0.0,0.0011,Z|N|E|H,,OK
XO.LA33..HH.2018.06.19.12.25.09,3.7,0.0,0.0007,Z|N|E|H,,OK
XO.LA25..HH.2018.06.19.18.55.00,11.6,0.25,0.0012,Z|N|H,E,OK
XO.LD40..HH.2018.06.19.19.45.46,12.3,0.25,0.0004,Z|N|E,,OK
XO.LA39..HH.2018.06.20.11.36.52,3.4,0.0,0.0007,Z|N|E|H,,OK
XO.LT01..HH.2018.06.20.15.31.21,4.8,0.0,0.0015,Z|N|E|H,,OK
XO.LT04..HH.2018.06.20.21.38.21,7.5,0.0,0.0007,Z|N|E|H,,OK
XO.LD36..HH.2018.06.20.21.38.27,13.9,0.25,0.0001,Z|N|E,,OK
XO.LD40..HH.2018.06.20.21.38.34,12.3,0.25,0.0003,Z|N|E,,OK
XO.LT01..HH.2018.06.20.21.38.34,10.2,0.0,0.0022,Z|N|E|H,,OK
XO.LD41..HH.2018.06.20.21.38.40,10.9,0.25,0.0001,Z|N|E,,OK
XO.LA39..HH.2018.06.20.21.38.44,5.5,0.0,0.0005,Z|N|E|H,,OK
XO.LT17..HH.2018.06.20.23.01.47,4.7,0.0,0.0012,Z|N|E|H,,OK
XO.LT09..HH.2018.06.20.04.53.40,12.1,0.0,0.0037,Z|N|E|H,,OK
XO.LA33..HH.2018.06.20.04.54.02,3.5,0.0,0.0005,Z|N|E|H,,OK
XO.LA21..HH.2018.06.20.05.24.43,8.6,0.25,0.0002,Z|N|H,E,OK
XO.LT14..HH.2018.06.20.05.24.56,18.1,0.25,0.0027,Z|N|H,E,OK
XO.LA39..HH.2018.06.20.10.34.37,7.0,0.0,0.0005,Z|N|E|H,,OK
XO.LD40..HH.2018.06.20.10.34.49,10.7,0.25,0.0005,Z|N|E,,OK
XO.LT10..HH.2018.06.20.11.13.26,4.9,0.0,0.0005,Z|N|E|H,,OK
XO.LD40..HH.2018.06.20.11.13.16,14.4,0.25,0.0005,Z|N|E,,OK
XO.LA25..HH.2018.06.20.11.13.35,13.9,0.25,0.0002,Z|N|H,E,OK
XO.LD40..HH.2018.06.20.10.19.47,12.7,0.25,0.0007,Z|N|E,,OK
XO.LT06..HH.2018.06.20.12.57.38,12.4,0.25,0.0012,Z|N|H,E,OK
XO.LT04..HH.2018.06.20.16.18.30,4.3,0.0,0.0006,Z|N|E|H,,OK
XO.LT09..HH.2018.06.20.20.00.10,9.6,0.0,0.0029,Z|N|E|H,,OK
XO.LA39..HH.2018.06.21.11.26.32,5.0,0.0,0.0003,Z|N|E|H,,OK
XO.LA26..HH.2018.06.21.02.35.46,2.1,0.0,0.0001,Z|N|E|H,,OK
XO.LT10..HH.2018.06.21.02.35.55,2.6,0.0,0.0011,Z|N|E|H,,OK
XO.LA29..HH.2018.06.21.02.36.18,7.5,0.0,0.0005,Z|N|E|H,,OK
XO.LA39..HH.2018.06.21.03.49.21,10.8,0.0,0.0007,Z|N|E|H,,OK
XO.LD40..HH.2018.06.21.09.58.37,12.2,0.25,0.0004,Z|N|E,,OK
XO.LT04..HH.2018.06.22.06.57.04,5.1,0.0,0.0006,Z|N|E|H,,OK
XO.LT12..HH.2018.06.22.21.22.21,9.7,0.0,0.0055,Z|N|E|H,,OK
XO.LD41..HH.2018.06.22.03.32.52,10.9,0.25,0.0005,Z|N|E,,OK
XO.LD38..HH.2018.06.22.14.46.31,15.0,0.25,0.0011,Z|N|E,,OK
XO.LT04..HH.2018.06.22.16.56.20,8.3,0.0,0.0005,Z|N|E|H,,OK
XO.LA39..HH.2018.06.23.02.56.00,9.0,0.0,0.0001,Z|N|E|H,,OK
XO.LD40..HH.2018.06.23.09.28.37,12.1,0.25,0.0001,Z|N|E,,OK
XO.LA39..HH.2018.06.23.09.28.49,9.2,0.0,0.0001,Z|N|E|H,,OK
XO.LT06..HH.2018.06.23.11.18.23,13.4,0.25,0.0011,Z|N|H,E,OK
XO.LT12..HH.2018.06.23.11.18.26,7.3,0.0,0.002,Z|N|E|H,,OK
XO.LT01..HH.2018.06.23.22.50.12,8.0,0.0,0.001,Z|N|E|H,,OK
XO.LA39..HH.2018.06.23.22.50.05,13.8,0.0,0.0001,Z|N|E|H,,OK
XO.LD40..HH.2018.06.23.03.58.02,11.8,0.25,0.0001,Z|N|E,,OK
XO.LT01..HH.2018.06.23.03.58.04,7.5,0.0,0.0025,Z|N|E|H,,OK
XO.LD40..HH.2018.06.23.09.03.32,12.5,0.25,0.0002,Z|N|E,,OK
XO.LD41..HH.2018.06.23.09.03.50,12.9,0.25,0.0006,Z|N|E,,OK
XO.LA39..HH.2018.06.23.10.49.45,4.9,0.0,0.0004,Z|N|E|H,,OK
XO.LD41..HH.2018.06.23.10.49.49,11.0,0.25,0.0007,Z|N|E,,OK
XO.LD41..HH.2018.06.23.11.26.22,12.8,0.25,0.001,Z|N|E,,OK
XO.LT18..HH.2018.06.23.21.11.07,14.8,0.25,0.0034,Z|N|H,E,OK
XO.LD41..HH.2018.06.24.21.53.25,10.0,0.25,0.0005,Z|N|E,,OK
XO.LD40..HH.2018.06.24.21.53.31,14.5,0.25,0.0006,Z|N|E,,OK
XO.LD40..HH.2018.06.24.03.05.14,15.1,0.25,0.0005,Z|N|E,,OK
XO.LD40..HH.2018.06.24.06.41.24,14.2,0.25,0.0005,Z|N|E,,OK
XO.LD41..HH.2018.06.24.06.41.33,10.4,0.25,0.0005,Z|N|E,,OK
XO.LT20..HH.2018.06.24.07.28.52,15.7,0.25,0.0005,Z|N|E,,OK
XO.LD40..HH.2018.06.24.11.28.11,12.0,0.25,0.0005,Z|N|E,,OK
XO.LA39..HH.2018.06.24.13.18.58,7.2,0.0,0.0002,Z|N|E|H,,OK
XO.LT14..HH.2018.06.24.20.52.29,10.9,0.25,0.004,Z|N|H,E,OK
XO.LA39..HH.2018.06.25.06.46.14,9.5,0.0,0.0001,Z|N|E|H,,OK
XO.LA39..HH.2018.06.25.13.30.18,6.7,0.0,0.0002,Z|N|E|H,,OK
XO.LD41..HH.2018.06.25.15.05.48,10.3,0.25,0.0007,Z|N|E,,OK
XO.LT18..HH.2018.06.25.20.45.33,10.3,0.25,0.0003,Z|N|H,E,OK
XO.LT14..HH.2018.06.26.04.06.48,11.5,0.25,0.0016,Z|N|H,E,OK
XO.LT01..HH.2018.06.26.04.07.06,13.2,0.0,0.0013,Z|N|E|H,,OK
XO.LD45..HH.2018.06.26.23.50.41,11.6,0.25,0.0009,Z|N|E,,OK
XO.LD45..HH.2018.06.27.00.26.02,13.2,0.25,0.0011,Z|N|E,,OK
XO.LD38..HH.2018.06.27.15.38.33,14.8,0.25,0.0014,Z|N|E,,OK
XO.LD40..HH.2018.06.27.15.38.37,13.9,0.25,0.0001,Z|N|E,,OK
XO.LD44..HH.2018.06.27.16.31.44,17.6,0.25,0.0001,Z|N|E,,OK
XO.LT13..HH.2018.06.27.16.31.58,1.0,0.0,0.0004,Z|N|E|H,,OK
XO.LT14..HH.2018.06.27.16.32.06,10.1,0.25,0.0006,Z|N|H,E,OK
XO.LA39..HH.2018.06.27.21.35.03,4.8,0.0,0.0005,Z|N|E|H,,OK
XO.LD40..HH.2018.06.27.21.35.07,16.4,0.25,0.0005,Z|N|E,,OK
XO.LD41..HH.2018.06.27.21.35.14,9.4,0.25,0.0005,Z|N|E,,OK
XO.LA39..HH.2018.06.27.01.14.12,4.1,0.0,0.0005,Z|N|E|H,,OK
XO.LT17..HH.2018.06.27.14.35.14,0.4,0.0,0.0005,Z|N|E|H,,OK
XO.LT12..HH.2018.06.27.14.35.49,3.9,0.0,0.0187,Z|N|E|H,,OK
XO.LA39..HH.2018.06.27.15.03.47,5.2,0.0,0.0007,Z|N|E|H,,OK
XO.LA39..HH.2018.06.27.18.15.52,5.8,0.0,0.0003,Z|N|E|H,,OK
XO.LT01..HH.2018.06.27.18.42.22,8.1,0.0,0.0013,Z|N|E|H,,OK
XO.LD40..HH.2018.06.27.19.46.48,10.2,0.25,0.0007,Z|N|E,,OK
XO.LT01..HH.2018.06.27.19.46.50,11.8,0.0,0.0016,Z|N|E|H,,OK
XO.LT10..HH.2018.06.27.21.27.30,2.9,0.0,0.0011,Z|N|E|H,,OK
XO.LT16..HH.2018.06.27.21.27.36,23.6,0.75,0.0004,Z|H,N|E,OK
XO.LT04..HH.2018.06.29.01.00.03,7.4,0.0,0.0004,Z|N|E|H,,OK
XO.LD40..HH.2018.06.29.00.59.59,13.6,0.25,0.0001,Z|N|E,,OK
XO.LT01..HH.2018.06.29.02.22.56,11.3,0.0,0.0014,Z|N|E|H,,OK
XO.LT16..HH.2018.06.29.05.18.13,24.9,0.0,0.0019,Z|N|E|H,,OK
XO.LA39..HH.2018.06.29.13.41.44,4.8,0.0,0.0003,Z|N|E|H,,OK
XO.LT17..HH.2018.06.29.18.55.25,0.6,0.0,0.0001,Z|N|E|H,,OK
XO.LT12..HH.2018.06.29.18.55.46,6.6,0.0,0.0052,Z|N|E|H,,OK
XO.LD41..HH.2018.06.29.21.37.47,13.5,0.25,0.0009,Z|N|E,,OK
XO.LT01..HH.2018.06.30.03.05.03,11.0,0.0,0.0003,Z|N|E|H,,OK
XO.LT04..HH.2018.06.30.22.09.27,7.1,0.0,0.0005,Z|N|E|H,,OK
XO.LT12..HH.2018.06.30.03.41.12,11.7,0.0,0.0081,Z|N|E|H,,OK
XO.LD36..HH.2018.06.30.03.41.20,15.1,0.25,0.0019,Z|N|E,,OK
XO.LT06..HH.2018.06.30.03.41.20,11.7,0.25,0.0019,Z|N|H,E,OK
XO.LT20..HH.2018.06.30.11.21.06,17.3,0.25,0.001,Z|N|E,,OK
XO.LD38..HH.2018.06.15.22.30.17,12.7,0.25,0.0002,Z|N|E,,OK
XO.LT04..HH.2018.06.19.13.54.29,0.3,0.0,0.0004,Z|N|E|H,,OK
XO.LD41..HH.2018.06.23.15.10.44,12.0,0.25,0.0002,Z|N|E,,OK
XO.LT17..HH.2018.06.24.21.03.43,4.3,0.0,0.0003,Z|N|E|H,,OK
XO.LD40..HH.2018.06.26.19.40.45,11.3,0.25,0.0008,Z|N|E,,OK
XO.LT09..HH.2018.06.27.22.25.46,9.2,0.0,0.0033,Z|N|E|H,,OK
XO.LT01..HH.2018.06.27.22.26.10,10.6,0.0,0.0014,Z|N|E|H,,OK
XO.LD38..HH.2018.06.28.19.05.54,12.8,0.25,0.0003,Z|N|E,,OK
XO.LA39..HH.2018.06.01.05.03.57,8.9,0.0,0.0014,Z|N|E|H,,OK
XO.LA39..HH.2018.06.01.17.07.48,7.2,0.0,0.001,Z|N|E|H,,OK
XO.LD40..HH.2018.06.02.04.57.00,17.3,0.25,0.0007,Z|N|E,,OK
XO.LD40..HH.2018.06.02.15.42.51,13.1,0.25,0.0003,Z|N|E,,OK
XO.LT06..HH.2018.06.03.22.39.34,12.0,0.25,0.0039,Z|N|H,E,OK
XO.LT01..HH.2018.06.06.02.15.01,13.3,0.0,0.0024,Z|N|E|H,,OK
XO.LA33..HH.2018.06.07.09.25.10,4.7,0.0,0.0005,Z|N|E|H,,OK
XO.LA39..HH.2018.06.08.06.22.04,8.4,0.0,0.0011,Z|N|E|H,,OK
XO.LD40..HH.2018.06.10.05.24.39,11.9,0.25,0.0005,Z|N|E,,OK
XO.LT01..HH.2018.06.10.09.11.42,9.8,0.0,0.0023,Z|N|E|H,,OK
XO.LD40..HH.2018.06.05.03.55.20,12.8,0.25,0.0003,Z|N|E,,OK
XO.LA39..HH.2018.06.06.09.29.04,9.2,0.0,0.0009,Z|N|E|H,,OK
XO.LA39..HH.2018.06.06.10.41.24,7.4,0.0,0.001,Z|N|E|H,,OK
XO.LD40..HH.2018.06.06.13.51.38,10.5,0.25,0.0007,Z|N|E,,OK
XO.LD40..HH.2018.06.06.13.54.37,9.6,0.25,0.0006,Z|N|E,,OK
XO.LA29..HH.2018.06.16.10.24.41,4.7,0.0,0.0007,Z|N|E|H,,OK
XO.LT13..HH.2018.06.16.10.24.26,0.4,0.0,0.0005,Z|N|E|H,,OK
XO.LD45..HH.2018.06.16.10.24.25,10.7,0.25,0.0009,Z|N|E,,OK
XO.LA34..HH.2018.06.16.10.24.21,9.1,0.0,0.0007,Z|N|E|H,,OK
XO.LT17..HH.2018.06.16.10.24.29,2.8,0.0,0.0006,Z|N|E|H,,OK
XO.LD40..HH.2018.06.17.05.47.57,15.0,0.25,0.0005,Z|N|E,,OK
XO.LD40..HH.2018.06.19.16.54.03,9.7,0.25,0.0007,Z|N|E,,OK
XO.LT01..HH.2018.06.20.09.27.13,11.7,0.0,0.0014,Z|N|E|H,,OK
XO.LD40..HH.2018.06.20.12.34.19,10.6,0.25,0.0007,Z|N|E,,OK
XO.LT01..HH.2018.06.15.09.47.11,8.9,0.0,0.0031,Z|N|E|H,,OK
XO.LA39..HH.2018.06.15.09.47.18,4.8,0.0,0.0008,Z|N|E|H,,OK
XO.LD41..HH.2018.06.15.09.47.29,10.5,0.25,0.0002,Z|N|E,,OK
XO.LT07..HH.2018.06.21.04.29.40,3.7,0.0,0.0005,Z|N|E|H,,OK
XO.LA34..HH.2018.06.22.16.31.13,4.3,0.0,0.0013,Z|N|E|H,,OK
XO.LD44..HH.2018.06.22.16.31.39,14.8,0.25,0.0001,Z|N|E,,OK
XO.LD38..HH.2018.06.23.03.56.47,13.1,0.25,0.0027,Z|N|E,,OK
XO.LA39..HH.2018.06.23.08.23.45,7.1,0.0,0.0004,Z|N|E|H,,OK
XO.LD41..HH.2018.06.24.13.36.09,12.3,0.25,0.0006,Z|N|E,,OK
XO.LA21..HH.2018.06.25.11.14.34,7.8,0.25,0.0001,Z|N|H,E,OK
XO.LD40..HH.2018.06.25.11.14.59,15.0,0.25,0.0008,Z|N|E,,OK
XO.LT09..HH.2018.06.25.11.15.04,10.7,0.0,0.0016,Z|N|E|H,,OK
XO.LA21..HH.2018.06.27.13.14.06,7.8,0.25,0.0004,Z|N|H,E,OK
XO.LD40..HH.2018.06.27.13.14.18,9.8,0.25,0.0007,Z|N|E,,OK
XO.LD41..HH.2018.06.28.02.12.16,10.3,0.25,0.0005,Z|N|E,,OK
XO.LD38..HH.2018.06.28.02.12.16,13.2,0.25,0.0003,Z|N|E,,OK
XO.LT01..HH.2018.06.28.16.18.09,4.9,0.0,0.0027,Z|N|E|H,,OK
XO.LT06..HH.2018.06.28.23.10.28,15.0,0.25,0.0039,Z|N|H,E,OK
XO.LD40..HH.2018.06.29.02.18.17,14.9,0.25,0.0005,Z|N|E,,OK
XO.LT12..HH.2018.06.29.12.37.02,5.9,0.0,0.0016,Z|N|E|H,,OK
XO.LT07..HH.2018.06.29.16.32.47,6.2,0.0,0.0013,Z|N|E|H,,OK
XO.LD40..HH.2018.06.30.20.21.29,12.8,0.25,0.0007,Z|N|E,,OK
XO.LA39..HH.2018.07.01.04.04.30,10.5,0.0,0.0001,Z|N|E|H,,OK
XO.LA25..HH.2018.07.01.19.54.40,25.3,0.25,0.0002,Z|N|H,E,OK
XO.LT16..HH.2018.07.01.19.54.44,23.2,0.75,0.0001,Z|H,N|E,OK
XO.LA39..HH.2018.07.01.01.03.07,9.8,0.0,0.0003,Z|N|E|H,,OK
XO.LA39..HH.2018.07.01.06.47.58,8.9,0.0,0.0005,Z|N|E|H,,OK
XO.LT07..HH.2018.07.01.19.09.26,10.4,0.0,0.0005,Z|N|E|H,,OK
XO.LT01..HH.2018.07.02.14.22.32,8.9,0.0,0.0025,Z|N|E|H,,OK
XO.LD41..HH.2018.07.02.14.22.35,12.3,0.25,0.0001,Z|N|E,,OK
XO.LD40..HH.2018.07.02.14.22.26,11.2,0.25,0.0001,Z|N|E,,OK
XO.LT01..HH.2018.07.02.00.06.04,6.6,0.0,0.0021,Z|N|E|H,,OK
XO.LT17..HH.2018.07.02.03.50.52,5.3,0.0,0.0013,Z|N|E|H,,OK
XO.LA39..HH.2018.07.03.01.45.18,9.7,0.0,0.0001,Z|N|E|H,,OK
XO.LT01..HH.2018.07.03.07.07.13,13.2,0.0,0.001,Z|N|E|H,,OK
XO.LT10..HH.2018.07.03.07.06.51,26.3,0.0,0.0001,Z|N|E|H,,OK
XO.LT12..HH.2018.07.03.07.06.57,17.9,0.0,0.0053,Z|N|E|H,,OK
XO.LD36..HH.2018.07.03.07.07.02,24.8,0.25,0.0005,Z|N|E,,OK
XO.LT13..HH.2018.07.03.07.11.22,0.8,0.0,0.0007,Z|N|E|H,,OK
XO.LD40..HH.2018.07.03.07.23.47,18.2,0.25,0.0001,Z|N|E,,OK
XO.LD36..HH.2018.07.03.08.46.32,15.3,0.25,0.0033,Z|N|E,,OK
XO.LT06..HH.2018.07.03.08.46.40,14.5,0.25,0.0027,Z|N|H,E,OK
XO.LT04..HH.2018.07.03.09.05.05,3.5,0.0,0.0007,Z|N|E|H,,OK
XO.LT14..HH.2018.07.03.09.04.52,11.2,0.25,0.0032,Z|N|H,E,OK
XO.LT14..HH.2018.07.03.11.25.10,15.4,0.25,0.0029,Z|N|H,E,OK
XO.LT13..HH.2018.07.03.11.53.32,1.1,0.0,0.0007,Z|N|E|H,,OK
XO.LA21..HH.2018.07.03.19.18.22,19.5,0.25,0.0001,Z|N|H,E,OK
XO.LD36..HH.2018.07.03.19.18.32,17.6,0.25,0.0001,Z|N|E,,OK
XO.LD38..HH.2018.07.03.19.18.32,14.6,0.25,0.0001,Z|N|E,,OK
XO.LA32..HH.2018.07.03.19.18.46,9.1,0.0,0.0011,Z|N|E|H,,OK
XO.LT12..HH.2018.07.03.19.18.46,11.2,0.0,0.0022,Z|N|E|H,,OK
XO.LT14..HH.2018.07.03.19.18.51,12.9,0.25,0.002,Z|N|H,E,OK
XO.LT09..HH.2018.07.03.19.19.04,7.6,0.0,0.0039,Z|N|E|H,,OK
XO.LT10..HH.2018.07.03.21.06.52,6.8,0.0,0.0007,Z|N|E|H,,OK
XO.LT04..HH.2018.07.03.22.14.09,9.3,0.0,0.0006,Z|N|E|H,,OK
XO.LT14..HH.2018.07.03.00.22.38,10.7,0.25,0.0035,Z|N|H,E,OK
XO.LT16..HH.2018.07.03.07.21.29,23.9,0.75,0.0007,Z|H,N|E,OK
XO.LT14..HH.2018.07.03.10.14.00,10.3,0.25,0.0032,Z|N|H,E,OK
XO.LT07..HH.2018.07.03.13.10.52,10.8,0.0,0.0009,Z|N|E|H,,OK
XO.LT10..HH.2018.07.03.13.11.01,6.9,0.0,0.0009,Z|N|E|H,,OK
XO.LT14..HH.2018.07.03.13.11.01,9.3,0.25,0.0026,Z|N|H,E,OK
XO.LD36..HH.2018.07.03.13.11.07,15.8,0.25,0.0005,Z|N|E,,OK
XO.LT01..HH.2018.07.03.13.11.44,12.6,0.0,0.0023,Z|N|E|H,,OK
XO.LT10..HH.2018.07.03.13.15.39,6.3,0.0,0.0011,Z|N|E|H,,OK
XO.LT10..HH.2018.07.03.12.56.42,5.4,0.0,0.0008,Z|N|E|H,,OK
XO.LA39..HH.2018.07.04.21.57.02,5.5,0.0,0.0001,Z|N|E|H,,OK
XO.LT06..HH.2018.07.04.05.55.42,12.3,0.25,0.0002,Z|N|H,E,OK
XO.LA39..HH.2018.07.04.19.05.46,6.2,0.0,0.0008,Z|N|E|H,,OK
XO.LT20..HH.2018.07.05.04.59.34,13.9,0.25,0.0017,Z|N|E,,OK
XO.LT12..HH.2018.07.05.04.58.59,9.2,0.0,0.0038,Z|N|E|H,,OK
XO.LT17..HH.2018.07.05.17.41.35,2.5,0.0,0.0005,Z|N|E|H,,OK
XO.LD44..HH.2018.07.05.17.41.40,11.5,0.25,0.0001,Z|N|E,,OK
XO.LA34..HH.2018.07.05.17.41.48,10.3,0.0,0.0011,Z|N|E|H,,OK
XO.LD44..HH.2018.07.05.18.27.29,14.5,0.25,0.0001,Z|N|E,,OK
XO.LA33..HH.2018.07.05.18.27.50,4.7,0.0,0.0004,Z|N|E|H,,OK
XO.LA39..HH.2018.07.05.22.25.01,6.8,0.0,0.0005,Z|N|E|H,,OK
XO.LT04..HH.2018.07.06.02.16.13,5.6,0.0,0.0003,Z|N|E|H,,OK
XO.LT12..HH.2018.07.06.22.30.18,4.0,0.0,0.0031,Z|N|E|H,,OK
XO.LT18..HH.2018.07.06.19.37.10,12.6,0.25,0.0005,Z|N|H,E,OK
XO.LD40..HH.2018.07.06.21.48.29,10.4,0.25,0.0004,Z|N|E,,OK
XO.LA39..HH.2018.07.07.11.31.21,6.9,0.0,0.0005,Z|N|E|H,,OK
XO.LT13..HH.2018.07.07.20.45.50,-0.3,0.0,0.0001,Z|N|E|H,,OK
XO.LT18..HH.2018.07.07.20.45.37,15.0,0.25,0.0009,Z|N|H,E,OK
XO.LD40..HH.2018.07.08.11.02.55,13.0,0.25,0.0001,Z|N|E,,OK
XO.LT04..HH.2018.07.08.03.13.53,6.5,0.0,0.0005,Z|N|E|H,,OK
XO.LD41..HH.2018.07.08.05.42.20,11.1,0.25,0.0001,Z|N|E,,OK
XO.LA32..HH.2018.07.08.15.13.51,9.3,0.0,0.0004,Z|N|E|H,,OK
XO.LA26..HH.2018.07.08.15.13.51,17.4,0.0,0.0114,Z|N|E|H,,OK
XO.LA21..HH.2018.07.08.15.13.59,8.7,0.25,0.0001,Z|N|H,E,OK
XO.LD44..HH.2018.07.08.15.14.06,14.5,0.25,0.0001,Z|N|E,,OK
XO.LA39..HH.2018.07.08.18.24.27,7.3,0.0,0.0001,Z|N|E|H,,OK
XO.LT01..HH.2018.07.09.17.48.38,7.8,0.0,0.0015,Z|N|E|H,,OK
XO.LA39..HH.2018.07.09.17.48.29,6.4,0.0,0.0001,Z|N|E|H,,OK
XO.LT04..HH.2018.07.09.20.54.09,4.2,0.0,0.0007,Z|N|E|H,,OK
XO.LT01..HH.2018.07.10.23.35.34,8.9,0.0,0.0017,Z|N|E|H,,OK
XO.LT01..HH.2018.07.10.16.43.25,9.3,0.0,0.0014,Z|N|E|H,,OK
XO.LD40..HH.2018.07.10.18.19.05,10.2,0.25,0.0007,Z|N|E,,OK
XO.LA39..HH.2018.07.10.21.15.46,5.2,0.0,0.0003,Z|N|E|H,,OK
XO.LD40..HH.2018.07.10.21.16.19,12.1,0.25,0.0005,Z|N|E,,OK
XO.LT14..HH.2018.07.11.10.03.31,10.1,0.25,0.0031,Z|N|H,E,OK
XO.LT04..HH.2018.07.11.10.03.42,5.2,0.0,0.0007,Z|N|E|H,,OK
XO.LT12..HH.2018.07.11.17.34.32,6.9,0.0,0.0375,Z|N|E|H,,OK
XO.LD41..HH.2018.07.11.17.45.47,9.7,0.25,0.0005,Z|N|E,,OK
XO.LT04..HH.2018.07.11.17.50.27,2.1,0.0,0.0007,Z|N|E|H,,OK
XO.LT06..HH.2018.07.11.19.58.12,15.7,0.25,0.0019,Z|N|H,E,OK
XO.LT20..HH.2018.07.11.07.48.46,19.3,0.25,0.0011,Z|N|E,,OK
XO.LD44..HH.2018.07.11.07.48.16,9.8,0.25,0.0001,Z|N|E,,OK
XO.LD41..HH.2018.07.11.17.47.02,10.5,0.25,0.0001,Z|N|E,,OK
XO.LD41..HH.2018.07.12.00.45.58,11.5,0.25,0.0009,Z|N|E,,OK
XO.LT04..HH.2018.07.12.02.05.29,4.4,0.0,0.0003,Z|N|E|H,,OK
XO.LD38..HH.2018.07.12.02.05.23,13.2,0.25,0.0025,Z|N|E,,OK
XO.LT06..HH.2018.07.12.02.57.14,15.0,0.25,0.0001,Z|N|H,E,OK
XO.LT09..HH.2018.07.12.02.57.23,11.9,0.0,0.0057,Z|N|E|H,,OK
XO.LD41..HH.2018.07.12.02.57.39,17.0,0.25,0.0001,Z|N|E,,OK
XO.LA34..HH.2018.07.12.02.57.39,11.4,0.0,0.0001,Z|N|E|H,,OK
XO.LD41..HH.2018.07.12.08.20.27,12.0,0.25,0.0002,Z|N|E,,OK
XO.LA39..HH.2018.07.12.08.20.45,9.0,0.0,0.0012,Z|N|E|H,,OK
XO.LT07..HH.2018.07.12.21.03.00,11.0,0.0,0.0013,Z|N|E|H,,OK
XO.LT12..HH.2018.07.12.21.03.12,15.7,0.0,0.0171,Z|N|E|H,,OK
XO.LT06..HH.2018.07.12.23.34.15,17.5,0.25,0.0002,Z|N|H,E,OK
XO.LD40..HH.2018.07.12.00.37.42,15.6,0.25,0.0005,Z|N|E,,OK
XO.LT01..HH.2018.07.12.00.47.49,5.1,0.0,0.0039,Z|N|E|H,,OK
XO.LD41..HH.2018.07.12.00.47.35,11.4,0.25,0.0001,Z|N|E,,OK
XO.LA39..HH.2018.07.12.00.47.36,2.9,0.0,0.0002,Z|N|E|H,,OK
XO.LD41..HH.2018.07.12.01.45.08,11.4,0.25,0.0004,Z|N|E,,OK
XO.LT01..HH.2018.07.12.06.43.21,11.0,0.0,0.0021,Z|N|E|H,,OK
XO.LD40..HH.2018.07.12.07.07.16,11.1,0.25,0.0001,Z|N|E,,OK
XO.LT04..HH.2018.07.12.08.32.02,12.4,0.0,0.001,Z|N|E|H,,OK
XO.LT01..HH.2018.07.12.09.38.55,13.7,0.0,0.0016,Z|N|E|H,,OK
XO.LT17..HH.2018.07.12.10.25.09,3.7,0.0,0.0011,Z|N|E|H,,OK
XO.LA39..HH.2018.07.12.14.39.37,9.9,0.0,0.0019,Z|N|E|H,,OK
XO.LA33..HH.2018.07.13.07.11.32,2.0,0.0,0.0003,Z|N|E|H,,OK
XO.LT01..HH.2018.07.13.10.08.23,12.8,0.0,0.0021,Z|N|E|H,,OK
XO.LA39..HH.2018.07.13.21.32.30,34.4,0.0,0.0002,Z|N|E|H,,OK
XO.LD41..HH.2018.07.13.21.32.49,20.4,0.25,0.0001,Z|N|E,,OK
XO.LD41..HH.2018.07.13.22.30.43,9.8,0.25,0.0003,Z|N|E,,OK
XO.WD46..HH.2018.07.13.22.30.13,5.2,0.25,0.0001,Z|N|E,,OK
XO.LA39..HH.2018.07.13.11.44.00,8.2,0.0,0.0006,Z|N|E|H,,OK
XO.LD40..HH.2018.07.14.15.38.46,10.9,0.25,0.0006,Z|N|E,,OK
XO.LA39..HH.2018.07.14.19.00.28,2.3,0.0,0.0005,Z|N|E|H,,OK
XO.LD40..HH.2018.07.14.19.27.17,12.3,0.25,0.0003,Z|N|E,,OK
XO.LD41..HH.2018.07.14.19.27.36,9.5,0.25,0.0003,Z|N|E,,OK
XO.LA33..HH.2018.07.15.00.14.08,4.4,0.0,0.0002,Z|N|E|H,,OK
XO.LA29..HH.2018.07.15.00.14.14,15.2,0.0,0.0003,Z|N|E|H,,OK
XO.LT14..HH.2018.07.15.00.14.28,9.6,0.25,0.0027,Z|N|H,E,OK
XO.LT10..HH.2018.07.15.00.14.29,-0.3,0.0,0.0005,Z|N|E|H,,OK
XO.LA23..HH.2018.07.15.00.15.03,1.9,0.0,0.0003,Z|N|E|H,,OK
XO.LA34..HH.2018.07.15.01.52.47,4.8,0.0,0.0003,Z|N|E|H,,OK
XO.LD36..HH.2018.07.15.01.53.00,16.5,0.25,0.0062,Z|N|E,,OK
XO.LT04..HH.2018.07.16.00.19.34,2.2,0.0,0.0006,Z|N|E|H,,OK
XO.WD49..HH.2018.07.16.08.15.57,10.0,0.25,0.0001,Z|N|E,,OK
XO.LA39..HH.2018.07.16.22.51.24,6.0,0.0,0.0003,Z|N|E|H,,OK
XO.LT17..HH.2018.07.16.07.24.24,4.9,0.0,0.0007,Z|N|E|H,,OK
XO.LT20..HH.2018.07.16.07.24.44,17.7,0.25,0.0017,Z|N|E,,OK
XO.LD40..HH.2018.07.16.11.35.05,13.9,0.25,0.0003,Z|N|E,,OK
XO.LT18..HH.2018.07.17.03.30.59,12.3,0.25,0.0001,Z|N|H,E,OK
XO.LT12..HH.2018.07.17.03.31.00,5.9,0.0,0.0017,Z|N|E|H,,OK
XO.LA34..HH.2018.07.17.03.31.05,8.5,0.0,0.0005,Z|N|E|H,,OK
XO.LD36..HH.2018.07.17.03.31.15,13.8,0.25,0.0011,Z|N|E,,OK
XO.LD44..HH.2018.07.17.03.31.27,13.5,0.25,0.0001,Z|N|E,,OK
XO.WD49..HH.2018.07.17.02.33.12,12.1,0.25,0.0006,Z|N|E,,OK
XO.LD41..HH.2018.07.17.02.33.20,10.8,0.25,0.0007,Z|N|E,,OK
XO.LT06..HH.2018.07.17.17.34.45,13.5,0.25,0.0025,Z|N|H,E,OK
XO.LA26..HH.2018.07.17.17.35.05,2.5,0.0,0.0001,Z|N|E|H,,OK
XO.LT20..HH.2018.07.17.21.17.43,10.9,0.25,0.0011,Z|N|E,,OK
XO.LA34..HH.2018.07.18.11.56.27,7.3,0.0,0.0007,Z|N|E|H,,OK
XO.WD52..HH.2018.07.18.19.05.35,21.5,0.25,0.0002,Z|N|E,,OK
XO.LA34..HH.2018.07.18.19.05.40,32.2,0.0,0.0041,Z|N|E|H,,OK
XO.WD60..HH.2018.07.18.19.06.03,28.1,0.25,0.0001,Z|N|E,,OK
XO.LT18..HH.2018.07.18.19.19.45,11.5,0.25,0.0001,Z|N|H,E,OK
XO.LD44..HH.2018.07.18.19.19.52,10.7,0.25,0.0001,Z|N|E,,OK
XO.LT20..HH.2018.07.18.19.23.10,12.6,0.25,0.0003,Z|N|E,,OK
XO.LT18..HH.2018.07.18.01.55.25,14.2,0.25,0.0013,Z|N|H,E,OK
XO.LA29..HH.2018.07.18.01.55.31,4.3,0.0,0.0005,Z|N|E|H,,OK
XO.WD58..HH.2018.07.18.14.07.46,9.0,0.25,0.0001,Z|N|E,,OK
XO.LD40..HH.2018.07.18.18.47.37,12.2,0.25,0.0001,Z|N|E,,OK
XO.WS75..HH.2018.07.19.02.27.41,10.6,0.25,0.0001,Z|N|E,,OK
XO.LT13..HH.2018.07.19.02.27.56,4.5,0.0,0.0002,Z|N|E|H,,OK
XO.LT16..HH.2018.07.19.02.27.59,24.0,0.75,0.0002,Z|H,N|E,OK
XO.LT14..HH.2018.07.19.02.28.04,12.6,0.25,0.0034,Z|N|H,E,OK
XO.WD63..HH.2018.07.19.02.28.07,12.5,0.25,0.0001,Z|N|E,,OK
XO.WD60..HH.2018.07.19.02.28.15,12.2,0.25,0.0001,Z|N|E,,OK
XO.LD45..HH.2018.07.19.02.54.07,11.9,0.25,0.0007,Z|N|E,,OK
XO.LT07..HH.2018.07.19.06.06.09,18.7,0.0,0.0001,Z|N|E|H,,OK
XO.LT07..HH.2018.07.19.10.36.01,8.8,0.0,0.0021,Z|N|E|H,,OK
XO.LD36..HH.2018.07.19.10.36.09,15.5,0.25,0.0049,Z|N|E,,OK
XO.LA34..HH.2018.07.19.14.32.56,10.5,0.0,0.0002,Z|N|E|H,,OK
XO.WD59..HH.2018.07.19.14.33.19,15.2,0.25,0.0001,Z|N|E,,OK
XO.WD60..HH.2018.07.19.14.33.19,11.0,0.25,0.0001,Z|N|E,,OK
XO.LA32..HH.2018.07.19.14.33.03,8.1,0.0,0.0004,Z|N|E|H,,OK
XO.LA30..HH.2018.07.19.14.33.30,10.4,0.0,0.0036,Z|N|E|H,,OK
XO.LT20..HH.2018.07.19.14.32.44,21.2,0.25,0.0001,Z|N|E,,OK
XO.LD44..HH.2018.07.19.14.32.49,24.1,0.25,0.0001,Z|N|E,,OK
XO.WD60..HH.2018.07.19.15.04.49,11.3,0.25,0.0004,Z|N|E,,OK
XO.LT20..HH.2018.07.19.21.15.38,16.3,0.25,0.0001,Z|N|E,,OK
XO.LT13..HH.2018.07.19.21.15.53,0.7,0.0,0.0004,Z|N|E|H,,OK
XO.LA28..HH.2018.07.19.21.16.06,10.7,0.25,0.0003,Z|N|H,E,OK
XO.WD49..HH.2018.07.19.03.27.23,18.4,0.25,0.0001,Z|N|E,,OK
XO.LD41..HH.2018.07.19.09.30.03,11.2,0.25,0.0005,Z|N|E,,OK
XO.WD46..HH.2018.07.19.12.43.41,15.2,0.25,0.0001,Z|N|E,,OK
XO.LA39..HH.2018.07.19.12.43.50,10.5,0.0,0.0001,Z|N|E|H,,OK
XO.LT17..HH.2018.07.19.14.15.51,24.8,0.0,0.0004,Z|N|E|H,,OK
XO.LD44..HH.2018.07.19.14.15.56,38.5,0.25,0.0003,Z|N|E,,OK
XO.WD62..HH.2018.07.19.14.16.15,17.6,0.25,0.0001,Z|N|E,,OK
XO.WD64..HH.2018.07.19.14.16.20,23.4,0.25,0.0001,Z|N|E,,OK
XO.LA25..HH.2018.07.19.14.16.25,33.5,0.25,0.0062,Z|N|H,E,OK
XO.LT20..HH.2018.07.19.14.25.14,13.7,0.25,0.0002,Z|N|E,,OK
XO.LT18..HH.2018.07.19.14.25.08,18.8,0.25,0.0313,Z|N|H,E,OK
XO.LA28..HH.2018.07.19.14.45.01,13.4,0.25,0.0005,Z|N|H,E,OK
XO.LD36..HH.2018.07.19.14.45.43,17.2,0.25,0.003,Z|N|E,,OK
XO.WS75..HH.2018.07.19.15.24.20,13.1,0.25,0.0001,Z|N|E,,OK
XO.LT12..HH.2018.07.19.15.43.52,4.8,0.0,0.0029,Z|N|E|H,,OK
XO.LT17..HH.2018.07.19.16.46.04,1.8,0.0,0.0006,Z|N|E|H,,OK
XO.LD40..HH.2018.07.19.17.25.06,14.8,0.25,0.0005,Z|N|E,,OK
XO.LA39..HH.2018.07.20.10.42.20,9.0,0.0,0.0002,Z|N|E|H,,OK
XO.LT18..HH.2018.07.20.16.23.18,13.1,0.25,0.0001,Z|N|H,E,OK
XO.LT17..HH.2018.07.20.16.23.20,4.2,0.0,0.0007,Z|N|E|H,,OK
XO.LT20..HH.2018.07.20.16.23.14,16.6,0.25,0.0001,Z|N|E,,OK
XO.WD68..HH.2018.07.20.16.23.27,14.0,0.25,0.0001,Z|N|E,,OK
XO.LA29..HH.2018.07.20.16.23.42,14.2,0.0,0.0005,Z|N|E|H,,OK
XO.LT12..HH.2018.07.20.16.23.42,6.3,0.0,0.0021,Z|N|E|H,,OK
XO.WD62..HH.2018.07.20.18.01.13,12.5,0.25,0.0001,Z|N|E,,OK
XO.LT10..HH.2018.07.20.18.01.18,2.4,0.0,0.001,Z|N|E|H,,OK
XO.WD47..HH.2018.07.20.20.46.07,16.5,0.25,0.0001,Z|N|E,,OK
XO.LT07..HH.2018.07.20.06.33.44,5.3,0.0,0.0007,Z|N|E|H,,OK
XO.LT20..HH.2018.07.20.10.59.43,17.0,0.25,0.0009,Z|N|E,,OK
XO.LA39..HH.2018.07.20.16.07.41,6.8,0.0,0.0001,Z|N|E|H,,OK
XO.LD45..HH.2018.07.21.07.58.08,40.6,0.25,0.0003,Z|N|E,,OK
XO.WD67..HH.2018.07.21.07.58.28,25.7,0.25,0.0001,Z|N|E,,OK
XO.WD61..HH.2018.07.21.07.58.32,10.4,0.25,0.0001,Z|N|E,,OK
XO.WD63..HH.2018.07.21.07.58.32,24.3,0.25,0.0001,Z|N|E,,OK
XO.LT18..HH.2018.07.21.08.02.29,9.9,0.25,0.0001,Z|N|H,E,OK
XO.LD45..HH.2018.07.21.08.02.34,13.2,0.25,0.0005,Z|N|E,,OK
XO.LT13..HH.2018.07.21.08.02.47,2.1,0.0,0.0008,Z|N|E|H,,OK
XO.LT12..HH.2018.07.21.08.02.53,5.7,0.0,0.0059,Z|N|E|H,,OK
XO.LT18..HH.2018.07.21.08.14.41,14.1,0.25,0.0001,Z|N|H,E,OK
XO.LD44..HH.2018.07.21.08.14.48,18.1,0.25,0.0001,Z|N|E,,OK
XO.LA32..HH.2018.07.21.08.15.01,6.9,0.0,0.0007,Z|N|E|H,,OK
XO.WD67..HH.2018.07.21.08.15.06,12.2,0.25,0.0001,Z|N|E,,OK
XO.LT10..HH.2018.07.21.08.15.11,1.5,0.0,0.0004,Z|N|E|H,,OK
XO.LT17..HH.2018.07.21.08.28.08,2.4,0.0,0.0007,Z|N|E|H,,OK
XO.WD68..HH.2018.07.21.08.28.22,10.7,0.25,0.0003,Z|N|E,,OK
XO.LT18..HH.2018.07.21.10.05.24,13.3,0.25,0.0049,Z|N|H,E,OK
XO.LT20..HH.2018.07.21.10.05.27,14.8,0.25,0.0015,Z|N|E,,OK
XO.WD69..HH.2018.07.21.10.05.28,15.9,0.25,0.0002,Z|N|E,,OK
XO.WD65..HH.2018.07.21.10.05.43,11.3,0.25,0.0004,Z|N|E,,OK
XO.WD59..HH.2018.07.21.10.09.31,13.7,0.25,0.0001,Z|N|E,,OK
XO.LD45..HH.2018.07.21.11.48.06,13.0,0.25,0.0001,Z|N|E,,OK
XO.LT13..HH.2018.07.21.11.48.19,-0.3,0.0,0.0003,Z|N|E|H,,OK
XO.LT16..HH.2018.07.21.11.48.22,22.8,0.0,0.0011,Z|N|E|H,,OK
XO.LT01..HH.2018.07.21.06.55.54,10.1,0.0,0.0023,Z|N|E|H,,OK
XO.LD40..HH.2018.07.21.07.49.29,9.7,0.25,0.0002,Z|N|E,,OK
XO.LT20..HH.2018.07.21.08.21.14,18.2,0.25,0.0091,Z|N|E,,OK
XO.LT18..HH.2018.07.21.09.52.12,12.0,0.25,0.0011,Z|N|H,E,OK
XO.LD44..HH.2018.07.21.09.52.29,12.7,0.25,0.0001,Z|N|E,,OK
XO.LA34..HH.2018.07.21.09.52.42,5.4,0.0,0.0004,Z|N|E|H,,OK
XO.LT04..HH.2018.07.21.16.10.26,3.5,0.0,0.0007,Z|N|E|H,,OK
XO.WD49..HH.2018.07.21.22.57.32,11.9,0.25,0.0001,Z|N|E,,OK
XO.LT01..HH.2018.07.21.22.57.52,11.5,0.0,0.0026,Z|N|E|H,,OK
XO.WS75..HH.2018.07.22.00.28.35,11.6,0.25,0.0005,Z|N|E,,OK
XO.LT17..HH.2018.07.22.00.27.59,5.2,0.0,0.0007,Z|N|E|H,,OK
XO.LT12..HH.2018.07.22.00.27.48,5.7,0.0,0.0033,Z|N|E|H,,OK
XO.WD62..HH.2018.07.22.00.28.09,12.2,0.25,0.0001,Z|N|E,,OK
XO.WD58..HH.2018.07.22.00.28.10,14.7,0.25,0.0001,Z|N|E,,OK
XO.LT04..HH.2018.07.22.16.21.10,6.1,0.0,0.0004,Z|N|E|H,,OK
XO.WS75..HH.2018.07.22.16.21.18,11.6,0.25,0.0003,Z|N|E,,OK
XO.LD41..HH.2018.07.22.16.21.19,13.6,0.25,0.0001,Z|N|E,,OK
XO.LT20..HH.2018.07.22.16.21.20,17.7,0.25,0.0019,Z|N|E,,OK
XO.LT20..HH.2018.07.22.17.12.47,18.4,0.25,0.0001,Z|N|E,,OK
XO.WD68..HH.2018.07.22.17.12.59,20.1,0.25,0.0001,Z|N|E,,OK
XO.LA30..HH.2018.07.22.17.13.08,13.8,0.0,0.0017,Z|N|E|H,,OK
XO.LD36..HH.2018.07.22.17.13.23,10.5,0.25,0.0003,Z|N|E,,OK
XO.LT12..HH.2018.07.23.11.32.01,6.1,0.0,0.0037,Z|N|E|H,,OK
XO.WD61..HH.2018.07.23.11.32.03,12.9,0.25,0.0007,Z|N|E,,OK
XO.LA21..HH.2018.07.23.11.32.04,6.9,0.25,0.0001,Z|N|H,E,OK
XO.LT18..HH.2018.07.23.14.43.47,11.0,0.25,0.0026,Z|N|H,E,OK
XO.LT20..HH.2018.07.23.14.47.03,18.6,0.25,0.0045,Z|N|E,,OK
XO.LT15..HH.2018.07.24.04.12.07,17.1,0.0,0.0001,Z|N|E|H,,OK
XO.LT17..HH.2018.07.24.04.12.25,4.8,0.0,0.0004,Z|N|E|H,,OK
XO.WS75..HH.2018.07.24.04.12.27,18.8,0.25,0.0001,Z|N|E,,OK
XO.WD63..HH.2018.07.24.04.12.34,19.5,0.25,0.0001,Z|N|E,,OK
XO.LT09..HH.2018.07.24.04.16.32,18.1,0.0,0.1961,Z|N|E|H,,OK
XO.LT15..HH.2018.07.24.04.16.32,18.0,0.0,0.0001,Z|N|E|H,,OK
XO.LT10..HH.2018.07.24.04.16.34,24.3,0.0,0.0002,Z|N|E|H,,OK
XO.LD45..HH.2018.07.24.04.16.50,20.7,0.25,0.0002,Z|N|E,,OK
XO.LD44..HH.2018.07.24.04.16.51,17.5,0.25,0.0001,Z|N|E,,OK
XO.WD58..HH.2018.07.24.04.16.52,17.6,0.25,0.0001,Z|N|E,,OK
XO.WD53..HH.2018.07.24.04.17.03,15.1,0.25,0.0001,Z|N|E,,OK
XO.LA25..HH.2018.07.24.14.29.30,10.8,0.25,0.0011,Z|N|H,E,OK
XO.WD62..HH.2018.07.24.14.29.24,15.1,0.25,0.0001,Z|N|E,,OK
XO.WD69..HH.2018.07.24.14.29.03,13.7,0.25,0.0002,Z|N|E,,OK
XO.LA33..HH.2018.07.24.15.50.41,6.8,0.0,0.0001,Z|N|E|H,,OK
XO.LA30..HH.2018.07.24.15.50.43,10.3,0.0,0.0019,Z|N|E|H,,OK
XO.LT14..HH.2018.07.24.15.50.44,12.2,0.25,0.0028,Z|N|H,E,OK
XO.LT15..HH.2018.07.24.15.50.47,3.9,0.0,0.0001,Z|N|E|H,,OK
XO.WD68..HH.2018.07.24.15.50.55,12.3,0.25,0.0001,Z|N|E,,OK
XO.WD63..HH.2018.07.24.15.50.59,12.7,0.25,0.0001,Z|N|E,,OK
XO.WD67..HH.2018.07.24.15.51.05,12.8,0.25,0.0001,Z|N|E,,OK
XO.WD64..HH.2018.07.24.15.51.38,11.0,0.25,0.0001,Z|N|E,,OK
XO.WD55..HH.2018.07.24.04.19.19,14.1,0.25,0.0001,Z|N|E,,OK
XO.LT12..HH.2018.07.24.04.18.21,19.0,0.0,0.0236,Z|N|E|H,,OK
XO.LT14..HH.2018.07.24.04.18.28,17.9,0.25,0.0007,Z|N|H,E,OK
XO.LA33..HH.2018.07.24.04.18.32,6.5,0.0,0.0003,Z|N|E|H,,OK
XO.LT13..HH.2018.07.24.04.13.05,11.6,0.0,0.0001,Z|N|E|H,,OK
XO.LT16..HH.2018.07.24.04.13.08,23.6,0.75,0.0001,Z|H,N|E,OK
XO.WD46..HH.2018.07.24.20.21.13,9.2,0.25,0.0001,Z|N|E,,OK
XO.WD56..HH.2018.07.24.20.21.44,15.0,0.25,0.0003,Z|N|E,,OK
XO.WS74..HH.2018.07.25.04.07.49,14.6,0.25,0.0007,Z|N|E,,OK
XO.WD68..HH.2018.07.25.04.07.52,10.5,0.25,0.0002,Z|N|E,,OK
XO.LA28..HH.2018.07.25.21.38.27,15.7,0.25,0.0007,Z|N|H,E,OK
XO.WD66..HH.2018.07.25.21.37.52,12.8,0.25,0.0001,Z|N|E,,OK
XO.LD44..HH.2018.07.25.21.37.59,23.7,0.25,0.0001,Z|N|E,,OK
XO.LT20..HH.2018.07.25.21.38.17,16.2,0.25,0.0007,Z|N|E,,OK
XO.LA25..HH.2018.07.25.21.38.31,14.3,0.25,0.0027,Z|N|H,E,OK
XO.LT16..HH.2018.07.25.04.14.41,23.4,0.75,0.0003,Z|H,N|E,OK
XO.WD66..HH.2018.07.25.18.33.52,22.6,0.25,0.0001,Z|N|E,,OK
XO.LD44..HH.2018.07.25.18.33.58,15.2,0.25,0.0001,Z|N|E,,OK
XO.WD68..HH.2018.07.25.18.33.58,20.1,0.25,0.0001,Z|N|E,,OK
XO.WD52..HH.2018.07.25.18.34.03,13.8,0.25,0.0037,Z|N|E,,OK
XO.LA21..HH.2018.07.25.18.34.32,8.0,0.25,0.0003,Z|N|H,E,OK
XO.LD40..HH.2018.07.26.10.55.02,12.0,0.25,0.0005,Z|N|E,,OK
XO.WD70..HH.2018.07.26.10.54.53,15.8,0.25,0.0001,Z|N|E,,OK
XO.LA29..HH.2018.07.26.11.38.26,5.7,0.0,0.0006,Z|N|E|H,,OK
XO.LA29..HH.2018.07.26.08.11.03,3.6,0.0,0.0004,Z|N|E|H,,OK
XO.LA26..HH.2018.07.26.08.11.23,0.4,0.0,0.0001,Z|N|E|H,,OK
XO.WD50..HH.2018.07.26.15.26.07,10.7,0.25,0.0001,Z|N|E,,OK
XO.LD38..HH.2018.07.26.15.26.05,12.5,0.25,0.0007,Z|N|E,,OK
XO.LA25..HH.2018.07.27.17.13.11,11.7,0.25,0.0003,Z|N|H,E,OK
XO.WD51..HH.2018.07.27.17.13.32,12.0,0.25,0.0001,Z|N|E,,OK
XO.LA23..HH.2018.07.27.17.13.42,0.8,0.0,0.0008,Z|N|E|H,,OK
XO.LA39..HH.2018.07.27.22.32.01,7.7,0.0,0.0002,Z|N|E|H,,OK
XO.WD56..HH.2018.07.27.22.32.10,12.8,0.25,0.0001,Z|N|E,,OK
XO.WD46..HH.2018.07.27.00.53.08,7.4,0.25,0.0001,Z|N|E,,OK
XO.WD70..HH.2018.07.27.00.53.16,15.7,0.25,0.0001,Z|N|E,,OK
XO.WD54..HH.2018.07.27.00.53.02,24.4,0.25,0.0001,Z|N|E,,OK
XO.WS72..HH.2018.07.27.12.47.55,10.1,0.25,0.0002,Z|N|E,,OK
XO.WD50..HH.2018.07.27.13.49.07,11.0,0.25,0.0004,Z|N|E,,OK
XO.WD70..HH.2018.07.27.14.45.35,17.4,0.25,0.0001,Z|N|E,,OK
XO.WS72..HH.2018.07.27.14.45.38,11.1,0.25,0.0004,Z|N|E,,OK
XO.LT07..HH.2018.07.27.17.42.34,8.7,0.0,0.0016,Z|N|E|H,,OK
XO.LT20..HH.2018.07.27.20.02.37,16.7,0.25,0.0057,Z|N|E,,OK
XO.LD45..HH.2018.07.28.12.21.53,21.5,0.25,0.0003,Z|N|E,,OK
XO.LT13..HH.2018.07.28.12.21.57,7.0,0.0,0.0004,Z|N|E|H,,OK
XO.LA33..HH.2018.07.28.12.21.59,10.9,0.0,0.0001,Z|N|E|H,,OK
XO.WD50..HH.2018.07.28.03.44.40,12.5,0.25,0.0001,Z|N|E,,OK
XO.WS72..HH.2018.07.28.03.44.35,16.1,0.25,0.0001,Z|N|E,,OK
XO.LT20..HH.2018.07.28.05.28.40,16.5,0.25,0.0003,Z|N|E,,OK
XO.WD70..HH.2018.07.28.06.04.54,13.6,0.25,0.0001,Z|N|E,,OK
XO.WD54..HH.2018.07.28.06.04.55,14.1,0.25,0.0001,Z|N|E,,OK
XO.LA39..HH.2018.07.28.06.14.22,4.5,0.0,0.0013,Z|N|E|H,,OK
XO.LT06..HH.2018.07.29.12.23.19,14.2,0.25,0.0001,Z|N|H,E,OK
XO.WS71..HH.2018.07.29.12.23.26,14.3,0.25,0.0001,Z|N|E,,OK
XO.LT14..HH.2018.07.29.12.23.33,15.5,0.25,0.0003,Z|N|H,E,OK
XO.LT12..HH.2018.07.29.12.23.36,5.1,0.0,0.0019,Z|N|E|H,,OK
XO.WD54..HH.2018.07.29.12.16.32,24.4,0.25,0.0001,Z|N|E,,OK
XO.LT07..HH.2018.07.30.11.33.29,9.9,0.0,0.0004,Z|N|E|H,,OK
XO.LA30..HH.2018.07.30.11.33.47,6.4,0.0,0.001,Z|N|E|H,,OK
XO.LA32..HH.2018.07.30.11.33.50,8.7,0.0,0.0005,Z|N|E|H,,OK
XO.WD58..HH.2018.07.30.11.33.55,18.8,0.25,0.0001,Z|N|E,,OK
XO.LT15..HH.2018.07.30.11.34.05,1.1,0.0,0.0002,Z|N|E|H,,OK
XO.WS75..HH.2018.07.30.11.34.05,9.4,0.25,0.0007,Z|N|E,,OK
XO.WS72..HH.2018.07.30.23.50.10,20.8,0.25,0.0001,Z|N|E,,OK
XO.WS71..HH.2018.07.30.23.50.19,16.0,0.25,0.0001,Z|N|E,,OK
XO.LD41..HH.2018.07.30.23.50.28,14.1,0.25,0.0001,Z|N|E,,OK
XO.WD53..HH.2018.07.30.12.27.58,11.9,0.25,0.0006,Z|N|E,,OK
XO.WS71..HH.2018.07.30.12.28.04,13.5,0.25,0.0005,Z|N|E,,OK
XO.LT01..HH.2018.07.31.12.25.28,11.0,0.0,0.0059,Z|N|E|H,,OK
XO.LD38..HH.2018.07.31.12.25.39,11.8,0.25,0.0008,Z|N|E,,OK
XO.WD57..HH.2018.07.31.12.25.44,14.4,0.25,0.0001,Z|N|E,,OK
XO.WD46..HH.2018.07.31.12.44.00,7.3,0.25,0.0003,Z|N|E,,OK
XO.WS72..HH.2018.07.31.12.44.12,22.8,0.25,0.0001,Z|N|E,,OK
XO.LA39..HH.2018.07.31.06.49.44,8.6,0.0,0.0001,Z|N|E|H,,OK
XO.WD57..HH.2018.07.31.06.59.56,13.0,0.25,0.0007,Z|N|E,,OK
XO.WD70..HH.2018.07.31.06.59.30,20.7,0.25,0.0001,Z|N|E,,OK
XO.WD48..HH.2018.07.31.06.59.34,9.9,0.25,0.0002,Z|N|E,,OK
XO.WD49..HH.2018.07.31.06.59.43,10.4,0.25,0.0001,Z|N|E,,OK
XO.LA39..HH.2018.07.31.07.01.07,4.5,0.0,0.0001,Z|N|E|H,,OK
XO.WS71..HH.2018.07.31.07.01.27,11.4,0.25,0.0005,Z|N|E,,OK
XO.WD70..HH.2018.07.31.07.03.13,12.9,0.25,0.0001,Z|N|E,,OK
XO.WD49..HH.2018.07.31.09.40.21,10.4,0.25,0.0003,Z|N|E,,OK
XO.WD46..HH.2018.07.31.09.59.37,7.1,0.25,0.0002,Z|N|E,,OK
XO.WD48..HH.2018.07.31.09.59.54,17.7,0.25,0.0023,Z|N|E,,OK
XO.WD57..HH.2018.07.31.10.03.11,13.5,0.25,0.0006,Z|N|E,,OK
XO.LA39..HH.2018.07.31.11.43.28,10.5,0.0,0.0005,Z|N|E|H,,OK
XO.WD51..HH.2018.07.31.11.50.35,8.5,0.25,0.0001,Z|N|E,,OK
XO.WS72..HH.2018.07.31.12.34.17,13.6,0.25,0.0001,Z|N|E,,OK
XO.WS71..HH.2018.07.31.12.34.35,13.7,0.25,0.0007,Z|N|E,,OK
XO.WD48..HH.2018.07.31.13.23.26,11.9,0.25,0.0001,Z|N|E,,OK
XO.LD41..HH.2018.07.31.13.24.04,10.3,0.25,0.0002,Z|N|E,,OK
XO.WS72..HH.2018.07.31.13.48.03,18.9,0.25,0.0001,Z|N|E,,OK
XO.LA39..HH.2018.07.31.13.47.46,5.9,0.0,0.0003,Z|N|E|H,,OK
XO.LT07..HH.2018.07.31.14.34.07,11.1,0.0,0.0005,Z|N|E|H,,OK
XO.LT12..HH.2018.07.31.14.34.22,7.3,0.0,0.0017,Z|N|E|H,,OK
XO.WD57..HH.2018.07.31.14.34.27,12.9,0.25,0.0001,Z|N|E,,OK
XO.WS72..HH.2018.07.31.14.34.33,14.5,0.25,0.0001,Z|N|E,,OK
XO.LA33..HH.2018.07.31.14.34.33,7.0,0.0,0.001,Z|N|E|H,,OK
XO.LA39..HH.2018.07.31.14.32.05,6.3,0.0,0.0005,Z|N|E|H,,OK
XO.WD51..HH.2018.07.31.17.09.43,10.2,0.25,0.0001,Z|N|E,,OK
XO.WD70..HH.2018.07.31.17.09.31,15.2,0.25,0.0001,Z|N|E,,OK
XO.WD49..HH.2018.07.31.17.09.48,12.0,0.25,0.0001,Z|N|E,,OK
XO.WD48..HH.2018.07.31.23.43.46,14.8,0.25,0.0014,Z|N|E,,OK
XO.LD40..HH.2018.07.01.15.44.41,8.9,0.25,0.0001,Z|N|E,,OK
XO.LA39..HH.2018.07.01.15.44.48,10.5,0.0,0.0005,Z|N|E|H,,OK
XO.LA39..HH.2018.07.02.10.27.32,14.5,0.0,0.0005,Z|N|E|H,,OK
XO.LD45..HH.2018.07.07.12.17.44,14.2,0.25,0.0001,Z|N|E,,OK
XO.LT16..HH.2018.07.07.12.17.52,20.4,0.0,0.0014,Z|N|E|H,,OK
XO.LA34..HH.2018.07.07.12.17.52,9.5,0.0,0.0001,Z|N|E|H,,OK
XO.LA33..HH.2018.07.07.12.17.55,8.5,0.0,0.0001,Z|N|E|H,,OK
XO.LA28..HH.2018.07.07.12.18.05,14.6,0.25,0.0013,Z|N|H,E,OK
XO.LA39..HH.2018.07.12.06.51.24,10.3,0.0,0.0007,Z|N|E|H,,OK
XO.LT01..HH.2018.07.12.06.51.58,8.2,0.0,0.0011,Z|N|E|H,,OK
XO.LD40..HH.2018.07.13.11.58.35,11.1,0.25,0.0001,Z|N|E,,OK
XO.LT01..HH.2018.07.15.22.56.46,6.6,0.0,0.0012,Z|N|E|H,,OK
XO.LA39..HH.2018.07.21.22.22.28,6.3,0.0,0.0002,Z|N|E|H,,OK
XO.WS72..HH.2018.07.25.11.33.25,9.9,0.25,0.0001,Z|N|E,,OK
XO.WD48..HH.2018.07.25.11.33.25,10.8,0.25,0.0003,Z|N|E,,OK
XO.WD51..HH.2018.07.25.11.33.33,12.8,0.25,0.0001,Z|N|E,,OK
XO.WD49..HH.2018.07.25.11.33.38,12.9,0.25,0.0004,Z|N|E,,OK
XO.LD38..HH.2018.07.25.11.33.48,9.6,0.25,0.0003,Z|N|E,,OK
XO.LT01..HH.2018.07.25.11.33.54,6.3,0.0,0.0019,Z|N|E|H,,OK
XO.LA33..HH.2018.07.26.07.31.37,8.0,0.0,0.0007,Z|N|E|H,,OK
XO.LT13..HH.2018.07.26.07.31.29,2.5,0.0,0.0006,Z|N|E|H,,OK
XO.WS74..HH.2018.07.26.07.31.39,12.8,0.25,0.0004,Z|N|E,,OK
XO.LT04..HH.2018.07.01.20.57.50,9.0,0.0,0.0008,Z|N|E|H,,OK
XO.LD40..HH.2018.07.01.21.11.45,14.4,0.25,0.0002,Z|N|E,,OK
XO.LA21..HH.2018.07.02.10.35.26,9.5,0.25,0.0001,Z|N|H,E,OK
XO.LA26..HH.2018.07.02.10.35.32,7.1,0.0,0.0005,Z|N|E|H,,OK
XO.LT07..HH.2018.07.02.10.35.41,11.2,0.0,0.0005,Z|N|E|H,,OK
XO.LT13..HH.2018.07.03.07.10.15,1.4,0.0,0.0005,Z|N|E|H,,OK
XO.LT01..HH.2018.07.04.17.33.43,14.2,0.0,0.0026,Z|N|E|H,,OK
XO.LT07..HH.2018.07.05.00.42.23,6.5,0.0,0.0007,Z|N|E|H,,OK
XO.LA39..HH.2018.07.05.00.42.49,7.6,0.0,0.0003,Z|N|E|H,,OK
XO.LA29..HH.2018.07.05.19.54.01,2.2,0.0,0.0005,Z|N|E|H,,OK
XO.LT10..HH.2018.07.06.20.10.30,0.9,0.0,0.0004,Z|N|E|H,,OK
XO.LT06..HH.2018.07.06.20.10.34,15.0,0.25,0.0016,Z|N|H,E,OK
XO.LT04..HH.2018.07.07.07.33.12,5.1,0.0,0.0006,Z|N|E|H,,OK
XO.LD45..HH.2018.07.10.18.47.50,16.3,0.25,0.0015,Z|N|E,,OK
XO.LA33..HH.2018.07.10.18.48.03,4.6,0.0,0.0005,Z|N|E|H,,OK
XO.LT16..HH.2018.07.11.19.47.18,28.5,0.0,0.002,Z|N|E|H,,OK
XO.LT20..HH.2018.07.11.07.07.38,14.0,0.25,0.0011,Z|N|E,,OK
XO.LT12..HH.2018.07.11.07.07.41,8.1,0.0,0.0376,Z|N|E|H,,OK
XO.LD45..HH.2018.07.11.07.07.50,11.5,0.25,0.0006,Z|N|E,,OK
XO.LA32..HH.2018.07.11.07.07.52,3.7,0.0,0.0005,Z|N|E|H,,OK
XO.LT16..HH.2018.07.12.04.09.09,23.9,0.75,0.0004,Z|H,N|E,OK
XO.LD40..HH.2018.07.15.02.04.38,16.4,0.25,0.0009,Z|N|E,,OK
XO.LA39..HH.2018.07.20.18.44.31,4.1,0.0,0.0003,Z|N|E|H,,OK
XO.WD46..HH.2018.07.14.19.25.48,14.7,0.25,0.0001,Z|N|E,,OK
XO.LA39..HH.2018.07.18.02.49.23,4.8,0.0,0.0003,Z|N|E|H,,OK
XO.LT13..HH.2018.07.18.13.01.43,-0.2,0.0,0.0001,Z|N|E|H,,OK
XO.LT13..HH.2018.07.21.00.02.15,1.4,0.0,0.0004,Z|N|E|H,,OK
XO.WD69..HH.2018.07.21.15.15.02,13.3,0.25,0.0003,Z|N|E,,OK
XO.LT17..HH.2018.07.21.15.15.02,9.7,0.0,0.0026,Z|N|E|H,,OK
XO.WS75..HH.2018.07.21.15.15.13,11.9,0.25,0.0005,Z|N|E,,OK
XO.WS75..HH.2018.07.22.02.53.35,11.0,0.25,0.0002,Z|N|E,,OK
XO.LT01..HH.2018.07.22.22.51.51,9.2,0.0,0.0012,Z|N|E|H,,OK
XO.LA39..HH.2018.07.22.22.51.22,4.3,0.0,0.0004,Z|N|E|H,,OK
XO.WD67..HH.2018.07.24.19.14.03,10.6,0.25,0.0005,Z|N|E,,OK
XO.WD53..HH.2018.07.25.00.59.51,11.8,0.25,0.0005,Z|N|E,,OK
XO.WD57..HH.2018.07.25.00.59.51,9.6,0.25,0.0005,Z|N|E,,OK
XO.LT15..HH.2018.07.25.03.30.53,1.3,0.0,0.0004,Z|N|E|H,,OK
XO.LT14..HH.2018.07.25.03.31.03,17.9,0.25,0.0033,Z|N|H,E,OK
XO.WD54..HH.2018.07.25.08.22.55,7.9,0.25,0.0001,Z|N|E,,OK
XO.LD44..HH.2018.07.25.17.26.25,18.3,0.25,0.0005,Z|N|E,,OK
XO.WD69..HH.2018.07.25.22.03.55,9.6,0.25,0.0005,Z|N|E,,OK
XO.WS74..HH.2018.07.25.22.03.59,11.9,0.25,0.0007,Z|N|E,,OK
XO.WD68..HH.2018.07.25.22.04.06,11.5,0.25,0.0007,Z|N|E,,OK
XO.LA33..HH.2018.07.25.22.04.29,3.3,0.0,0.001,Z|N|E|H,,OK
XO.LD36..HH.2018.07.25.06.12.34,16.3,0.25,0.0025,Z|N|E,,OK
XO.LA28..HH.2018.07.25.06.12.35,14.2,0.25,0.0027,Z|N|H,E,OK
XO.WD56..HH.2018.07.25.06.12.38,19.6,0.25,0.0003,Z|N|E,,OK
XO.LA23..HH.2018.07.25.06.12.38,-1.0,0.0,0.0009,Z|N|E|H,,OK
XO.LT16..HH.2018.07.25.06.13.01,23.8,0.75,0.0008,Z|H,N|E,OK
XO.WD61..HH.2018.07.25.14.10.24,11.2,0.25,0.0006,Z|N|E,,OK
XO.LT01..HH.2018.07.26.13.34.31,8.5,0.0,0.0047,Z|N|E|H,,OK
XO.LA39..HH.2018.07.26.17.39.25,7.0,0.0,0.0005,Z|N|E|H,,OK
XO.LD40..HH.2018.07.26.17.39.51,11.8,0.25,0.0006,Z|N|E,,OK
XO.LA33..HH.2018.07.26.19.18.07,5.4,0.0,0.0003,Z|N|E|H,,OK
XO.WD64..HH.2018.07.26.19.17.55,12.9,0.25,0.0003,Z|N|E,,OK
XO.WS74..HH.2018.07.26.19.18.04,11.7,0.25,0.0009,Z|N|E,,OK
XO.WD70..HH.2018.07.26.21.48.46,14.0,0.25,0.0001,Z|N|E,,OK
XO.WS72..HH.2018.07.26.21.48.50,12.6,0.25,0.0001,Z|N|E,,OK
XO.WD49..HH.2018.07.26.21.49.02,12.1,0.25,0.0001,Z|N|E,,OK
XO.WS72..HH.2018.07.26.07.31.27,12.2,0.25,0.0002,Z|N|E,,OK
XO.LD45..HH.2018.07.27.05.54.23,12.7,0.25,0.0005,Z|N|E,,OK
XO.WD69..HH.2018.07.27.17.19.03,10.6,0.25,0.0002,Z|N|E,,OK
XO.LD41..HH.2018.07.27.17.27.32,12.2,0.25,0.0005,Z|N|E,,OK
XO.LD36..HH.2018.07.27.17.28.15,15.2,0.25,0.0011,Z|N|E,,OK
XO.LD38..HH.2018.07.27.21.41.18,12.1,0.25,0.0004,Z|N|E,,OK
XO.WS72..HH.2018.07.27.21.41.16,16.6,0.25,0.0001,Z|N|E,,OK
XO.WD54..HH.2018.07.28.05.17.43,17.2,0.25,0.0001,Z|N|E,,OK
XO.LD40..HH.2018.07.28.07.51.26,12.5,0.25,0.0006,Z|N|E,,OK
XO.WD50..HH.2018.07.28.15.41.40,12.0,0.25,0.0003,Z|N|E,,OK
XO.WS72..HH.2018.07.29.05.06.35,12.2,0.25,0.0001,Z|N|E,,OK
XO.WD54..HH.2018.07.29.05.06.27,16.6,0.25,0.0001,Z|N|E,,OK
XO.LD38..HH.2018.07.29.06.15.18,10.5,0.25,0.0001,Z|N|E,,OK
XO.LT14..HH.2018.07.29.08.44.57,12.2,0.25,0.0032,Z|N|H,E,OK
XO.LA32..HH.2018.07.29.08.44.57,8.0,0.0,0.0007,Z|N|E|H,,OK
XO.LT16..HH.2018.07.29.08.44.57,24.1,0.75,0.0005,Z|H,N|E,OK
XO.LT15..HH.2018.07.29.08.44.59,1.2,0.0,0.0003,Z|N|E|H,,OK
XO.LA29..HH.2018.07.29.08.45.00,3.5,0.0,0.0004,Z|N|E|H,,OK
XO.WD46..HH.2018.07.29.10.43.22,12.1,0.25,0.0005,Z|N|E,,OK
XO.WD50..HH.2018.07.29.10.43.41,10.1,0.25,0.0001,Z|N|E,,OK
XO.WD49..HH.2018.07.29.10.43.46,11.3,0.25,0.0001,Z|N|E,,OK
XO.LT06..HH.2018.07.29.10.49.58,14.8,0.25,0.0037,Z|N|H,E,OK
XO.WD51..HH.2018.07.29.10.50.19,9.7,0.25,0.0005,Z|N|E,,OK
XO.LT17..HH.2018.07.29.14.28.17,1.2,0.0,0.0005,Z|N|E|H,,OK
XO.LA39..HH.2018.07.31.05.39.22,9.6,0.0,0.0006,Z|N|E|H,,OK
XO.WD50..HH.2018.07.31.05.39.24,9.5,0.25,0.0001,Z|N|E,,OK
XO.LD40..HH.2018.07.31.16.56.54,10.9,0.25,0.0007,Z|N|E,,OK
XO.WD69..HH.2018.07.31.19.21.34,10.5,0.25,0.0003,Z|N|E,,OK
XO.LD44..HH.2018.07.31.19.21.36,10.8,0.25,0.0003,Z|N|E,,OK
XO.LT01..HH.2018.07.31.23.15.16,8.9,0.0,0.0013,Z|N|E|H,,OK
XO.LA39..HH.2018.07.31.13.47.53,6.0,0.0,0.0003,Z|N|E|H,,OK
