sample_id,p_onset_s,s_onset_s,p_peak_ratio,s_peak_ratio
XO.LA21..HH.2018.05.27.04.41.09,,,,
XO.LA21..HH.2018.06.20.05.24.43,44.64,60.82,9.97174342274662,5.022533183836845
XO.LA21..HH.2018.06.25.11.14.34,45.05,,8.918337262452177,
XO.LA21..HH.2018.06.27.13.14.06,45.07,52.22,7.004299862105648,6.301356485688314
XO.LA21..HH.2018.07.02.10.35.26,51.27,,5.524208093395728,
XO.LA21..HH.2018.07.03.19.18.22,44.55,53.06,9.99343103262581,5.384978227242064
XO.LA21..HH.2018.07.08.15.13.59,44.98,,9.984561288714266,
XO.LA21..HH.2018.07.23.11.32.04,45.12,,8.740406762868034,
XO.LA21..HH.2018.07.25.18.34.32,45.02,,9.751930815470418,
XO.LA23..HH.2018.05.27.18.30.11,45.16,,5.467007100694427,
XO.LA23..HH.2018.06.01.18.42.04,56.68,89.7,5.320635413479253,5.140463970697513
XO.LA23..HH.2018.07.15.00.15.03,38.33,,5.761292455835657,
XO.LA23..HH.2018.07.25.06.12.38,98.62,131.5,5.052924260727691,5.25223575968163
XO.LA23..HH.2018.07.27.17.13.42,129.98,,5.578155928122812,
XO.LA25..HH.2018.05.15.13.54.12,45.32,48.91,8.228508744206891,6.565913768186521
XO.LA25..HH.2018.05.21.03.48.10,45.1,48.68,7.8049852052678,6.724377813142932
XO.LA25..HH.2018.05.23.00.51.49,45.12,67.04,8.05542801489039,7.44784454961393
XO.LA25..HH.2018.05.27.04.41.28,46.28,,6.65515425803796,
XO.LA25..HH.2018.06.01.20.34.52,45.33,,6.0846351747704475,
XO.LA25..HH.2018.06.04.11.08.53,45.43,49.67,8.422774565074143,5.059920360151365
XO.LA25..HH.2018.06.19.18.55.00,,,,
XO.LA25..HH.2018.06.20.11.13.35,24.47,,5.035725109016612,
XO.LA25..HH.2018.07.01.19.54.40,45.65,104.98,9.084198740659835,5.241247072343362
XO.LA25..HH.2018.07.19.14.16.25,45.3,,9.845604524539407,
XO.LA25..HH.2018.07.24.14.29.30,44.99,,7.192294118274577,
XO.LA25..HH.2018.07.25.21.38.31,45.06,,9.145674301561469,
XO.LA25..HH.2018.07.27.17.13.11,,,,
XO.LA26..HH.2018.05.25.06.30.46,46.21,65.46,6.175892470275235,5.261826268427778
XO.LA26..HH.2018.05.30.02.35.28,46.07,62.83,8.778075318650501,8.56606156411561
XO.LA26..HH.2018.06.21.02.35.46,45.92,60.54,8.468516165471582,7.446971889815649
XO.LA26..HH.2018.07.02.10.35.32,45.6,60.06,6.534621972182915,6.321991819451186
XO.LA26..HH.2018.07.08.15.13.51,146.29,,9.848874644725575,
XO.LA26..HH.2018.07.17.17.35.05,46.46,72.11,6.699170212345464,7.798093170801449
XO.LA26..HH.2018.07.26.08.11.23,,,,
XO.LA28..HH.2018.05.30.01.52.24,45.36,,8.743387410734757,
XO.LA28..HH.2018.06.01.20.35.12,45.87,,8.05793114665051,
XO.LA28..HH.2018.06.07.18.32.07,14.23,45.05,5.429118643581672,9.150574080791417
XO.LA28..HH.2018.06.09.23.45.12,,,,
XO.LA28..HH.2018.06.11.16.27.43,37.67,69.05,7.59246977941228,7.745026083576341
XO.LA28..HH.2018.07.07.12.18.05,45.02,78.71,8.746001619344996,9.076908054210042
XO.LA28..HH.2018.07.19.14.45.01,45.14,75.35,6.882565093553289,7.854741188621647
XO.LA28..HH.2018.07.19.21.16.06,9.71,45.08,6.793267211564878,9.30200628477369
XO.LA28..HH.2018.07.25.06.12.35,45.07,81.5,7.33763547863858,7.692741328455441
XO.LA28..HH.2018.07.25.21.38.27,16.18,46.95,5.406427799522904,6.30682995515055
XO.LA29..HH.2018.05.25.06.30.57,45.83,149.74,7.597407461157252,9.692821828364815
XO.LA29..HH.2018.05.27.18.30.30,44.12,73.3,8.724456256412001,5.328377648007965
XO.LA29..HH.2018.05.28.09.24.23,45.67,54.37,5.129979037265276,7.324723920351996
XO.LA29..HH.2018.06.03.08.02.25,45.14,76.03,7.25832243164946,7.2229899355826435
XO.LA29..HH.2018.06.07.18.32.42,10.43,45.73,7.740042607264653,6.815604034245142
XO.LA29..HH.2018.06.16.02.51.48,44.23,68.73,9.709311266656051,7.464970605627001
XO.LA29..HH.2018.06.16.10.24.41,45.2,,8.511764196563716,
XO.LA29..HH.2018.06.21.02.36.18,,,,
XO.LA29..HH.2018.07.05.19.54.01,,,,
XO.LA29..HH.2018.07.15.00.14.14,47.29,61.81,5.744299398673973,8.478486422658051
XO.LA29..HH.2018.07.18.01.55.31,47.16,,5.071599914037624,
XO.LA29..HH.2018.07.20.16.23.42,45.05,75.96,9.036687778185208,8.052580271501158
XO.LA29..HH.2018.07.26.08.11.03,46.96,57.9,5.806845109170126,7.117728723320434
XO.LA29..HH.2018.07.26.11.38.26,46.22,,6.174078338467914,
XO.LA29..HH.2018.07.29.08.45.00,,,,
XO.LA30..HH.2018.05.21.04.42.52,46.0,,7.571263221296656,
XO.LA30..HH.2018.07.19.14.33.30,47.81,,5.293672604785596,
XO.LA30..HH.2018.07.22.17.13.08,47.99,,5.950118888396643,
XO.LA30..HH.2018.07.24.15.50.43,44.95,,7.712372094297844,
XO.LA30..HH.2018.07.30.11.33.47,29.67,45.03,6.173349123390932,9.157373681380493
XO.LA32..HH.2018.05.28.07.33.19,45.84,,5.072132805463771,
XO.LA32..HH.2018.05.28.09.24.25,47.45,149.19,5.147548634882584,9.940350350453226
XO.LA32..HH.2018.05.29.23.28.31,45.39,149.18,5.933256290903628,9.93568556652292
XO.LA32..HH.2018.06.11.16.27.47,29.25,44.9,8.49336173087493,9.88757166763846
XO.LA32..HH.2018.06.18.22.15.30,,,,
XO.LA32..HH.2018.07.03.19.18.46,45.0,,9.516963931642957,
XO.LA32..HH.2018.07.08.15.13.51,44.58,,9.992530700444693,
XO.LA32..HH.2018.07.11.07.07.52,,,,
XO.LA32..HH.2018.07.19.14.33.03,44.99,149.69,9.922762459969288,9.843916809509077
XO.LA32..HH.2018.07.21.08.15.01,,,,
XO.LA32..HH.2018.07.29.08.44.57,44.98,48.04,7.348493458052257,8.809682676004186
XO.LA32..HH.2018.07.30.11.33.50,44.97,,9.701006272358343,
XO.LA33..HH.2018.05.21.19.58.59,45.21,71.35,8.336003044858124,8.942866771088433
XO.LA33..HH.2018.05.26.11.59.11,45.05,70.05,6.899646892459632,5.134759214586449
XO.LA33..HH.2018.06.07.09.25.10,45.35,,5.058159187483039,
XO.LA33..HH.2018.06.11.01.19.13,,,,
XO.LA33..HH.2018.06.16.02.51.50,44.83,,9.991285536010661,
XO.LA33..HH.2018.06.19.12.25.09,32.66,,5.290800596217725,
XO.LA33..HH.2018.06.20.04.54.02,,,,
XO.LA33..HH.2018.07.05.18.27.50,,,,
XO.LA33..HH.2018.07.07.12.17.55,44.96,71.91,9.943398352553737,7.750679747453626
XO.LA33..HH.2018.07.10.18.48.03,45.71,,7.740351192402877,
XO.LA33..HH.2018.07.13.07.11.32,44.99,64.73,8.500501993817304,5.855496084978225
XO.LA33..HH.2018.07.15.00.14.08,44.83,51.06,9.990754672991413,6.911284692449719
XO.LA33..HH.2018.07.24.04.18.32,45.32,,5.948504825203792,
XO.LA33..HH.2018.07.24.15.50.41,44.86,,9.676429761115127,
XO.LA33..HH.2018.07.25.22.04.29,,,,
XO.LA33..HH.2018.07.26.07.31.37,,,,
XO.LA33..HH.2018.07.26.19.18.07,31.1,,5.405086097104564,
XO.LA33..HH.2018.07.28.12.21.59,44.99,,9.899752830507897,
XO.LA33..HH.2018.07.31.14.34.33,45.0,,9.114552152193017,
XO.LA34..HH.2018.05.25.06.30.56,45.85,,5.655389258439133,
XO.LA34..HH.2018.06.07.18.32.01,44.98,79.32,9.37312464328862,7.301433950172508
XO.LA34..HH.2018.06.16.10.24.21,45.34,52.7,9.516064861233897,7.994514980258771
XO.LA34..HH.2018.06.19.20.20.37,,,,
XO.LA34..HH.2018.06.22.16.31.13,45.52,68.8,6.51396165950603,6.001179814276817
XO.LA34..HH.2018.07.05.17.41.48,45.25,69.8,6.1158441367825445,5.374923533063717
XO.LA34..HH.2018.07.07.12.17.52,44.91,69.6,9.74990865799491,8.579516368947127
XO.LA34..HH.2018.07.12.02.57.39,44.95,73.79,9.215829997776407,8.458974655010634
XO.LA34..HH.2018.07.15.01.52.47,45.68,54.38,6.879994476833337,5.451318369304628
XO.LA34..HH.2018.07.17.03.31.05,,,,
XO.LA34..HH.2018.07.18.11.56.27,45.02,74.02,9.795832236214766,5.620442615915961
XO.LA34..HH.2018.07.18.19.05.40,44.28,,9.895578681994923,
XO.LA34..HH.2018.07.19.14.32.56,44.44,62.5,9.96319671747787,6.049591109004016
XO.LA34..HH.2018.07.21.09.52.42,,,,
XO.LA39..HH.2018.05.28.12.49.32,,,,
XO.LA39..HH.2018.05.29.06.56.15,45.07,61.41,8.372581062162427,5.627118375963454
XO.LA39..HH.2018.05.29.10.05.54,45.13,61.41,9.222398471098586,6.669180614441641
XO.LA39..HH.2018.05.30.05.12.11,46.1,,6.169271465947427,
XO.LA39..HH.2018.05.30.08.25.25,,,,
XO.LA39..HH.2018.05.30.08.39.12,,,,
XO.LA39..HH.2018.05.30.10.57.15,45.07,64.62,9.078976460637028,6.67724286988135
XO.LA39..HH.2018.05.30.19.04.27,60.33,,7.7109369346683,
XO.LA39..HH.2018.05.30.21.27.46,46.02,,6.351576759863333,
XO.LA39..HH.2018.06.01.05.03.57,59.9,,6.476344511660932,
XO.LA39..HH.2018.06.01.17.07.48,31.55,45.84,7.234832607217761,7.977067869870285
XO.LA39..HH.2018.06.01.17.32.37,46.27,,5.992475040052752,
XO.LA39..HH.2018.06.01.18.41.15,44.88,,9.997132163686285,
XO.LA39..HH.2018.06.01.21.46.51,,,,
XO.LA39..HH.2018.06.01.22.02.14,45.1,64.85,9.66116947580905,5.73347286462412
XO.LA39..HH.2018.06.02.13.10.54,45.98,,5.030683770106662,
XO.LA39..HH.2018.06.02.20.17.45,,,,
XO.LA39..HH.2018.06.03.07.11.07,45.22,65.89,9.365188470960552,7.753317189892365
XO.LA39..HH.2018.06.04.08.53.49,39.31,44.88,7.082884229024031,9.822229293438028
XO.LA39..HH.2018.06.04.09.04.57,45.05,114.91,9.15370984435093,5.1217414898536875
XO.LA39..HH.2018.06.04.09.06.39,12.67,47.15,5.1217414898536955,5.7765639093423395
XO.LA39..HH.2018.06.05.14.06.23,45.07,60.89,8.430414561080433,6.101493270438983
XO.LA39..HH.2018.06.06.09.29.04,,,,
XO.LA39..HH.2018.06.06.10.41.24,45.35,,8.068777443342931,
XO.LA39..HH.2018.06.07.09.02.11,45.11,64.63,8.883163820417847,5.371422808091165
XO.LA39..HH.2018.06.08.06.22.04,45.29,65.48,7.032421801064923,5.291582012496736
XO.LA39..HH.2018.06.09.08.03.20,20.19,,6.511774826450749,
XO.LA39..HH.2018.06.09.08.43.43,134.34,,6.3235867449132215,
XO.LA39..HH.2018.06.09.09.39.43,45.53,,7.544451120979966,
XO.LA39..HH.2018.06.09.16.14.01,,,,
XO.LA39..HH.2018.06.10.18.56.24,,,,
XO.LA39..HH.2018.06.11.04.58.13,,,,
XO.LA39..HH.2018.06.12.02.22.21,45.01,60.88,9.85116138167663,8.553651220414041
XO.LA39..HH.2018.06.13.05.20.42,45.08,65.05,9.584988053053788,6.817224415788537
XO.LA39..HH.2018.06.15.00.14.28,45.15,,9.5485885355399,
XO.LA39..HH.2018.06.15.00.21.01,44.94,61.43,9.28613484162562,5.2558303019056405
XO.LA39..HH.2018.06.15.09.47.18,45.01,,9.886385398856605,
XO.LA39..HH.2018.06.19.19.12.37,45.7,60.9,5.102359200955228,8.99208150965918
XO.LA39..HH.2018.06.20.10.34.37,,,,
XO.LA39..HH.2018.06.20.11.36.52,45.3,64.02,7.3031298978150305,6.431279024948118
XO.LA39..HH.2018.06.20.21.38.44,45.5,75.98,9.58579425044261,7.595318796562741
XO.LA39..HH.2018.06.21.03.49.21,45.18,61.23,8.618114290327181,5.307078269616368
XO.LA39..HH.2018.06.21.11.26.32,44.99,60.77,9.849824787525185,6.860139604237903
XO.LA39..HH.2018.06.23.02.56.00,44.89,61.88,9.563046819043562,5.507454188180473
XO.LA39..HH.2018.06.23.08.23.45,45.27,60.54,9.236188654813729,6.741381616942563
XO.LA39..HH.2018.06.23.09.28.49,9.15,22.77,5.292894996259275,8.012907206820744
XO.LA39..HH.2018.06.23.10.49.45,25.87,32.78,6.270774551950333,8.75211675508341
XO.LA39..HH.2018.06.23.22.50.05,45.19,59.72,6.856786385025409,8.16132164257655
XO.LA39..HH.2018.06.24.13.18.58,46.22,61.55,9.706716823831634,6.75607571345676
XO.LA39..HH.2018.06.25.06.46.14,47.55,,5.795211928335127,
XO.LA39..HH.2018.06.25.13.30.18,45.1,54.37,9.357746328051855,5.170754969253886
XO.LA39..HH.2018.06.27.01.14.12,15.85,45.05,6.568597869222259,9.571266068886162
XO.LA39..HH.2018.06.27.15.03.47,45.08,60.6,7.011842139644291,7.10752154528262
XO.LA39..HH.2018.06.27.18.15.52,47.08,62.84,6.009132194371355,6.922769429709245
XO.LA39..HH.2018.06.27.21.35.03,45.13,66.89,9.898020640229987,7.419078913717875
XO.LA39..HH.2018.06.29.13.41.44,45.02,60.45,9.079686769382423,7.663990514010305
XO.LA39..HH.2018.07.01.01.03.07,45.01,59.1,9.922840332135108,8.095022487678568
XO.LA39..HH.2018.07.01.04.04.30,44.84,60.76,9.954020456715902,6.986016555621678
XO.LA39..HH.2018.07.01.06.47.58,44.98,60.86,9.679785127258747,9.316112234250083
XO.LA39..HH.2018.07.01.15.44.48,46.22,,5.357509632840833,
XO.LA39..HH.2018.07.02.10.27.32,44.39,61.81,6.319494374441753,5.20381720329173
XO.LA39..HH.2018.07.03.01.45.18,45.03,,9.121051152346054,
XO.LA39..HH.2018.07.04.19.05.46,45.11,,8.218001974373992,
XO.LA39..HH.2018.07.04.21.57.02,,,,
XO.LA39..HH.2018.07.05.00.42.49,,,,
XO.LA39..HH.2018.07.05.22.25.01,15.51,96.19,6.005055549475325,5.547028798417213
XO.LA39..HH.2018.07.07.11.31.21,45.06,68.94,9.913503282107788,6.641318815637795
XO.LA39..HH.2018.07.08.18.24.27,45.67,,6.437975063988008,
XO.LA39..HH.2018.07.09.17.48.29,15.31,45.0,7.984937967172917,9.91330991399023
XO.LA39..HH.2018.07.10.21.15.46,,,,
XO.LA39..HH.2018.07.12.00.47.36,,,,
XO.LA39..HH.2018.07.12.06.51.24,5.61,46.47,7.349976131775713,5.287416405577884
XO.LA39..HH.2018.07.12.08.20.45,11.33,,9.67573007563889,
XO.LA39..HH.2018.07.12.14.39.37,46.06,,5.50399839273702,
XO.LA39..HH.2018.07.13.11.44.00,23.26,68.28,6.579054321687271,5.50577004730327
XO.LA39..HH.2018.07.13.21.32.30,44.72,58.45,9.97956001447002,5.1869166078043945
XO.LA39..HH.2018.07.14.19.00.28,45.19,,6.589231192334498,
XO.LA39..HH.2018.07.16.22.51.24,44.87,64.95,9.701826641521366,5.008085573597576
XO.LA39..HH.2018.07.18.02.49.23,45.75,,5.785589057830231,
XO.LA39..HH.2018.07.19.12.43.50,45.39,61.45,8.450783369899215,7.6129225288248135
XO.LA39..HH.2018.07.20.10.42.20,45.06,63.13,8.832596860213089,8.603632162219434
XO.LA39..HH.2018.07.20.16.07.41,60.35,,5.198028789272065,
XO.LA39..HH.2018.07.20.18.44.31,45.26,64.97,9.846986802053001,5.899607609727647
XO.LA39..HH.2018.07.21.22.22.28,8.52,46.35,5.143898544063869,6.2160661072295555
XO.LA39..HH.2018.07.22.22.51.22,44.99,59.22,9.018735550558958,8.098135776922117
XO.LA39..HH.2018.07.26.17.39.25,45.05,61.92,7.980608431635365,5.453254226061888
XO.LA39..HH.2018.07.27.22.32.01,45.13,68.94,9.462481746309468,7.240808989780064
XO.LA39..HH.2018.07.28.06.14.22,44.99,60.25,9.968067803041185,7.035043084312118
XO.LA39..HH.2018.07.31.05.39.22,30.32,45.32,9.934837774139753,7.640495879501255
XO.LA39..HH.2018.07.31.06.49.44,44.88,61.3,9.805498046514208,6.742055595541486
XO.LA39..HH.2018.07.31.07.01.07,,,,
XO.LA39..HH.2018.07.31.11.43.28,10.17,,5.195353947622442,
XO.LA39..HH.2018.07.31.13.47.46,45.17,53.31,9.297984010390124,6.524337367627331
XO.LA39..HH.2018.07.31.13.47.53,37.34,45.48,9.297984010390142,6.52433736762732
XO.LA39..HH.2018.07.31.14.32.05,28.07,,5.4973050966952135,
XO.LD36..HH.2018.05.15.12.37.51,,,,
XO.LD36..HH.2018.05.15.13.54.09,45.18,,7.904307220911584,
XO.LD36..HH.2018.05.22.02.27.39,45.76,81.19,6.924152894831701,5.223885885370015
XO.LD36..HH.2018.05.23.00.51.50,45.16,,9.613279662409685,
XO.LD36..HH.2018.05.29.00.36.40,52.88,,5.542770354901531,
XO.LD36..HH.2018.06.05.15.48.02,45.64,,5.369882973280538,
XO.LD36..HH.2018.06.10.09.41.22,,,,
XO.LD36..HH.2018.06.11.16.27.43,44.68,,9.840742438537761,
XO.LD36..HH.2018.06.20.21.38.27,45.04,53.92,9.323287843217294,8.490776991795734
XO.LD36..HH.2018.06.30.03.41.20,45.91,61.88,7.518015657700155,5.193702758623786
XO.LD36..HH.2018.07.03.07.07.02,44.62,51.65,9.231171851570501,5.358565323711305
XO.LD36..HH.2018.07.03.08.46.32,,,,
XO.LD36..HH.2018.07.03.13.11.07,45.0,77.57,9.866562991256586,5.521196948801585
XO.LD36..HH.2018.07.03.19.18.32,44.94,,9.949992515840938,
XO.LD36..HH.2018.07.15.01.53.00,45.29,,7.001343733248085,
XO.LD36..HH.2018.07.17.03.31.15,45.0,,8.313222048595412,
XO.LD36..HH.2018.07.19.10.36.09,45.39,68.11,6.574996343751131,5.250941651452144
XO.LD36..HH.2018.07.19.14.45.43,,,,
XO.LD36..HH.2018.07.22.17.13.23,45.08,,9.179199592775994,
XO.LD36..HH.2018.07.25.06.12.34,45.68,,6.11051865205753,
XO.LD36..HH.2018.07.27.17.28.15,,,,
XO.LD38..HH.2018.05.26.19.37.24,45.03,59.34,9.406335901634804,8.219690784996372
XO.LD38..HH.2018.05.27.04.41.02,18.04,45.0,5.0850278692077255,7.127293176314546
XO.LD38..HH.2018.05.27.10.36.29,45.05,69.3,9.912613575615335,5.453143568235565
XO.LD38..HH.2018.05.29.03.57.24,25.92,45.13,8.105334170817896,9.874898186431793
XO.LD38..HH.2018.05.29.16.20.11,45.09,50.69,9.898555106175877,8.380441108230846
XO.LD38..HH.2018.06.03.06.45.02,27.85,42.74,5.649560111061387,9.206421665393886
XO.LD38..HH.2018.06.03.21.07.13,45.08,,9.486841485364492,
XO.LD38..HH.2018.06.06.02.46.26,32.02,47.99,5.823565256637942,5.639732017936283
XO.LD38..HH.2018.06.07.16.10.19,26.0,45.27,7.414974748695811,7.220042827387218
XO.LD38..HH.2018.06.13.16.20.04,29.2,45.36,9.0396366874808,8.721255834570657
XO.LD38..HH.2018.06.13.18.40.04,19.46,45.17,5.447596329686005,9.573511947367809
XO.LD38..HH.2018.06.15.22.30.17,28.53,45.38,8.294027731444002,6.733673678447614
XO.LD38..HH.2018.06.17.04.31.57,15.63,44.21,6.664910069416116,9.879931317052788
XO.LD38..HH.2018.06.22.14.46.31,,,,
XO.LD38..HH.2018.06.23.03.56.47,119.26,,5.678913853224678,
XO.LD38..HH.2018.06.27.15.38.33,20.0,44.98,7.684940208971125,8.458771027673295
XO.LD38..HH.2018.06.28.02.12.16,29.04,46.17,6.283437173449471,6.050244083416169
XO.LD38..HH.2018.06.28.19.05.54,44.99,61.75,9.806926278512822,8.351197263582058
XO.LD38..HH.2018.07.03.19.18.32,45.05,,9.683528492077897,
XO.LD38..HH.2018.07.12.02.05.23,30.01,46.27,7.355332121969244,6.432006669223698
XO.LD38..HH.2018.07.25.11.33.48,25.77,45.18,5.146640486728829,6.790527715593641
XO.LD38..HH.2018.07.26.15.26.05,11.19,45.18,5.147965601830432,7.838850146691768
XO.LD38..HH.2018.07.27.21.41.18,45.02,60.18,8.740963600451888,7.775264867576163
XO.LD38..HH.2018.07.29.06.15.18,44.98,,9.705429937650258,
XO.LD38..HH.2018.07.31.12.25.39,28.44,,8.95372240620993,
XO.LD40..HH.2018.05.26.14.57.05,47.62,,6.086160628396349,
XO.LD40..HH.2018.05.27.15.40.08,,,,
XO.LD40..HH.2018.05.27.17.21.08,45.68,,6.314020269334725,
XO.LD40..HH.2018.05.28.04.25.32,45.34,,7.237718257346344,
XO.LD40..HH.2018.05.31.08.14.27,45.15,69.91,7.418233649389541,7.324776950877974
XO.LD40..HH.2018.05.31.19.02.50,47.64,72.26,5.337387228509338,5.564280557332603
XO.LD40..HH.2018.06.01.18.36.01,48.81,,5.24270196527816,
XO.LD40..HH.2018.06.01.18.41.12,48.07,,8.471205431761495,
XO.LD40..HH.2018.06.02.04.57.00,107.72,,7.618927335525795,
XO.LD40..HH.2018.06.02.15.35.07,68.91,,6.724923306997671,
XO.LD40..HH.2018.06.02.15.42.51,94.85,119.8,8.044092559118575,6.9930329286097015
XO.LD40..HH.2018.06.03.16.09.02,49.12,,6.838635464346848,
XO.LD40..HH.2018.06.04.08.53.55,43.92,,5.29161348330968,
XO.LD40..HH.2018.06.04.14.18.52,26.51,,6.378308975843002,
XO.LD40..HH.2018.06.05.03.55.20,46.17,,7.409016020675575,
XO.LD40..HH.2018.06.05.13.17.40,,,,
XO.LD40..HH.2018.06.06.13.51.38,46.23,,5.504434385928451,
XO.LD40..HH.2018.06.06.13.54.37,46.36,,5.13888300509656,
XO.LD40..HH.2018.06.07.01.10.09,,,,
XO.LD40..HH.2018.06.07.08.49.44,74.36,,5.482415989683101,
XO.LD40..HH.2018.06.07.20.53.26,139.16,,9.389334494010432,
XO.LD40..HH.2018.06.09.09.54.02,46.68,72.36,5.5038436344467,6.113699356703571
XO.LD40..HH.2018.06.09.12.03.23,,,,
XO.LD40..HH.2018.06.09.14.56.05,62.48,,6.7965940785839,
XO.LD40..HH.2018.06.10.05.24.39,46.95,,5.7271838194901825,
XO.LD40..HH.2018.06.12.11.07.57,45.56,,6.171109509229649,
XO.LD40..HH.2018.06.13.23.44.16,45.2,,7.686715899578977,
XO.LD40..HH.2018.06.14.16.47.48,45.16,64.48,9.2838561038922,5.5453205136509665
XO.LD40..HH.2018.06.16.18.21.43,65.61,,5.700520774756579,
XO.LD40..HH.2018.06.17.05.47.57,47.63,,7.045701952050273,
XO.LD40..HH.2018.06.18.21.44.45,44.98,,9.112105301915141,
XO.LD40..HH.2018.06.19.16.54.03,46.09,,5.6373474219333,
XO.LD40..HH.2018.06.19.19.45.46,,,,
XO.LD40..HH.2018.06.20.10.19.47,,,,
XO.LD40..HH.2018.06.20.10.34.49,47.5,,5.7328532278849,
XO.LD40..HH.2018.06.20.11.13.16,45.08,,7.9749220612513545,
XO.LD40..HH.2018.06.20.12.34.19,45.94,,6.594917565320068,
XO.LD40..HH.2018.06.20.21.38.34,45.53,69.6,8.97107199624944,6.046636412071953
XO.LD40..HH.2018.06.21.09.58.37,,,,
XO.LD40..HH.2018.06.23.03.58.02,47.57,,6.3490978997572745,
XO.LD40..HH.2018.06.23.09.03.32,,,,
XO.LD40..HH.2018.06.23.09.28.37,45.16,,7.52368899235855,
XO.LD40..HH.2018.06.24.03.05.14,,,,
XO.LD40..HH.2018.06.24.06.41.24,46.4,,5.340918132979125,
XO.LD40..HH.2018.06.24.11.28.11,,,,
XO.LD40..HH.2018.06.24.21.53.31,47.28,,5.456962788544814,
XO.LD40..HH.2018.06.25.11.14.59,,,,
XO.LD40..HH.2018.06.26.19.40.45,,,,
XO.LD40..HH.2018.06.27.13.14.18,45.13,118.98,6.359811228989337,5.929865706665565
XO.LD40..HH.2018.06.27.15.38.37,27.51,44.93,5.2933045973257675,9.836422555327688
XO.LD40..HH.2018.06.27.19.46.48,48.23,,5.208588148367518,
XO.LD40..HH.2018.06.27.21.35.07,46.15,,5.597371858771552,
XO.LD40..HH.2018.06.29.00.59.59,44.68,,9.92573723927188,
XO.LD40..HH.2018.06.29.02.18.17,68.13,,5.4492601133455425,
XO.LD40..HH.2018.06.30.20.21.29,46.08,,7.001511691690546,
XO.LD40..HH.2018.07.01.15.44.41,45.14,72.15,6.660522169549208,5.075174241751771
XO.LD40..HH.2018.07.01.21.11.45,,,,
XO.LD40..HH.2018.07.02.14.22.26,45.05,61.77,9.912973240463891,7.419559733371227
XO.LD40..HH.2018.07.03.07.23.47,44.93,46.45,9.240454859381117,5.423618627779899
XO.LD40..HH.2018.07.06.21.48.29,,,,
XO.LD40..HH.2018.07.08.11.02.55,45.19,64.5,9.816706985683387,8.47900327707461
XO.LD40..HH.2018.07.10.18.19.05,47.88,52.9,5.603938643421301,5.154087143144484
XO.LD40..HH.2018.07.10.21.16.19,46.89,,5.73778170244585,
XO.LD40..HH.2018.07.12.00.37.42,45.97,,5.722915542743118,
XO.LD40..HH.2018.07.12.07.07.16,46.91,,5.595459019470003,
XO.LD40..HH.2018.07.13.11.58.35,,,,
XO.LD40..HH.2018.07.14.15.38.46,45.05,,7.776119525590415,
XO.LD40..HH.2018.07.14.19.27.17,,,,
XO.LD40..HH.2018.07.15.02.04.38,46.42,48.22,5.363263364917435,5.1641352090476325
XO.LD40..HH.2018.07.16.11.35.05,,,,
XO.LD40..HH.2018.07.18.18.47.37,48.01,,5.851719179157254,
XO.LD40..HH.2018.07.19.17.25.06,,,,
XO.LD40..HH.2018.07.21.07.49.29,,,,
XO.LD40..HH.2018.07.26.10.55.02,45.97,,7.955428905315756,
XO.LD40..HH.2018.07.26.17.39.51,47.21,,5.038075982914386,
XO.LD40..HH.2018.07.28.07.51.26,47.63,,5.425160151925877,
XO.LD40..HH.2018.07.31.16.56.54,46.22,,6.693151051812822,
XO.LD41..HH.2018.05.24.03.19.38,44.01,46.37,6.0962408688851095,5.749087198168471
XO.LD41..HH.2018.05.24.12.30.13,46.98,75.61,7.0597107626166755,5.202814635695153
XO.LD41..HH.2018.05.25.04.54.19,47.13,77.83,6.428044638671196,5.475784445592521
XO.LD41..HH.2018.05.25.05.36.36,46.79,,5.031162707334769,
XO.LD41..HH.2018.05.25.12.35.29,45.83,,7.9465951882748165,
XO.LD41..HH.2018.05.26.10.39.55,45.23,,7.168117040806257,
XO.LD41..HH.2018.05.27.16.25.34,44.93,,9.177791659579235,
XO.LD41..HH.2018.05.28.12.50.00,45.38,,9.996193514782641,
XO.LD41..HH.2018.05.29.07.10.38,45.25,,6.9169949404174105,
XO.LD41..HH.2018.05.30.15.34.41,75.11,,6.286549631735924,
XO.LD41..HH.2018.05.30.20.36.25,43.87,78.32,9.935177546346434,6.134792503803135
XO.LD41..HH.2018.06.03.05.04.35,43.8,71.37,9.573198163268062,5.605353114287197
XO.LD41..HH.2018.06.03.21.56.35,,,,
XO.LD41..HH.2018.06.04.23.19.16,46.24,,9.38397086468848,
XO.LD41..HH.2018.06.05.15.48.13,,,,
XO.LD41..HH.2018.06.07.10.22.20,44.99,,9.494510787580655,
XO.LD41..HH.2018.06.11.10.42.15,,,,
XO.LD41..HH.2018.06.11.11.37.35,77.14,,5.940411176868494,
XO.LD41..HH.2018.06.15.09.47.29,45.2,67.23,6.894511614182635,5.4798337740720955
XO.LD41..HH.2018.06.20.21.38.40,45.06,70.63,9.677114101184054,5.09856219096638
XO.LD41..HH.2018.06.22.03.32.52,,,,
XO.LD41..HH.2018.06.23.09.03.50,,,,
XO.LD41..HH.2018.06.23.10.49.49,47.11,,6.935831107664963,
XO.LD41..HH.2018.06.23.11.26.22,46.05,,7.01452738481322,
XO.LD41..HH.2018.06.23.15.10.44,47.0,,7.887131910258852,
XO.LD41..HH.2018.06.24.06.41.33,76.48,,5.272595198767578,
XO.LD41..HH.2018.06.24.13.36.09,,,,
XO.LD41..HH.2018.06.24.21.53.25,45.38,,6.804415814775193,
XO.LD41..HH.2018.06.25.15.05.48,74.58,,6.541025987880752,
XO.LD41..HH.2018.06.27.21.35.14,45.24,,9.024197401773199,
XO.LD41..HH.2018.06.28.02.12.16,45.08,,7.189773309804875,
XO.LD41..HH.2018.06.29.21.37.47,46.36,,7.466555242580447,
XO.LD41..HH.2018.07.02.14.22.35,43.72,66.4,8.990504139243813,5.18199585763091
XO.LD41..HH.2018.07.08.05.42.20,45.02,,9.424244974731192,
XO.LD41..HH.2018.07.11.17.45.47,45.5,47.27,5.54425510289109,6.1116825580697345
XO.LD41..HH.2018.07.11.17.47.02,,,,
XO.LD41..HH.2018.07.12.00.45.58,45.07,,7.767451012700348,
XO.LD41..HH.2018.07.12.00.47.35,,,,
XO.LD41..HH.2018.07.12.01.45.08,46.78,,5.357532787171375,
XO.LD41..HH.2018.07.12.02.57.39,44.41,73.87,9.9936042703231,6.172656309221593
XO.LD41..HH.2018.07.12.08.20.27,45.01,,8.41730692620896,
XO.LD41..HH.2018.07.13.21.32.49,44.24,,9.950569773294168,
XO.LD41..HH.2018.07.13.22.30.43,44.7,,9.671813003090003,
XO.LD41..HH.2018.07.14.19.27.36,20.88,,5.953036582697645,
XO.LD41..HH.2018.07.17.02.33.20,45.97,,5.981504651109501,
XO.LD41..HH.2018.07.19.09.30.03,,,,
XO.LD41..HH.2018.07.22.16.21.19,44.98,74.56,9.988745887186376,5.358907395722693
XO.LD41..HH.2018.07.27.17.27.32,45.38,,6.333351008202304,
XO.LD41..HH.2018.07.30.23.50.28,47.24,,9.217188269732242,
XO.LD41..HH.2018.07.31.13.24.04,,,,
XO.LD44..HH.2018.05.26.11.58.59,46.04,,5.4968352495275,
XO.LD44..HH.2018.06.22.16.31.39,45.37,,6.762722300706134,
XO.LD44..HH.2018.06.27.16.31.44,44.64,64.04,9.96857621383349,6.5563153717045966
XO.LD44..HH.2018.07.05.17.41.40,65.12,,6.784444226478587,
XO.LD44..HH.2018.07.05.18.27.29,29.89,,6.61120143207298,
XO.LD44..HH.2018.07.08.15.14.06,44.98,64.43,9.621397385825361,7.096119400427073
XO.LD44..HH.2018.07.11.07.48.16,45.52,61.09,5.837565580050069,8.613823475332692
XO.LD44..HH.2018.07.17.03.31.27,24.3,45.37,6.485519597763346,6.215248740596039
XO.LD44..HH.2018.07.18.19.19.52,45.0,,9.665369714178919,
XO.LD44..HH.2018.07.19.14.15.56,44.4,,9.985156767929494,
XO.LD44..HH.2018.07.19.14.32.49,44.37,,9.981070598504164,
XO.LD44..HH.2018.07.21.08.14.48,44.63,,9.973454790060476,
XO.LD44..HH.2018.07.21.09.52.29,,,,
XO.LD44..HH.2018.07.24.04.16.51,45.32,,7.393355647990427,
XO.LD44..HH.2018.07.25.17.26.25,45.07,51.33,8.020689245014516,8.40171982885369
XO.LD44..HH.2018.07.25.18.33.58,45.09,,9.876184205877866,
XO.LD44..HH.2018.07.25.21.37.59,44.66,,9.980156165156812,
XO.LD44..HH.2018.07.31.19.21.36,45.04,57.06,6.8733322082025,6.171287707353701
XO.LD45..HH.2018.05.25.06.30.42,45.26,95.82,6.019466803857518,5.528229958583648
XO.LD45..HH.2018.06.16.02.51.59,49.51,,8.016560502366628,
XO.LD45..HH.2018.06.16.10.24.25,,,,
XO.LD45..HH.2018.06.26.23.50.41,45.19,,6.65403030802929,
XO.LD45..HH.2018.06.27.00.26.02,45.17,49.01,7.671741894013287,5.4926427346990065
XO.LD45..HH.2018.07.07.12.17.44,44.81,64.42,9.973582713152485,7.317074768495255
XO.LD45..HH.2018.07.10.18.47.50,45.3,,6.501677267412862,
XO.LD45..HH.2018.07.11.07.07.50,45.0,,7.362253328257574,
XO.LD45..HH.2018.07.19.02.54.07,44.99,,8.456662762771652,
XO.LD45..HH.2018.07.21.07.58.08,43.54,,9.873489850649356,
XO.LD45..HH.2018.07.21.08.02.34,45.96,47.73,5.330356931235466,7.672219914835648
XO.LD45..HH.2018.07.21.11.48.06,46.08,,9.919363527252042,
XO.LD45..HH.2018.07.24.04.16.50,46.66,,5.128567920495325,
XO.LD45..HH.2018.07.27.05.54.23,,,,
XO.LD45..HH.2018.07.28.12.21.53,44.45,,9.936188593456771,
XO.LT01..HH.2018.05.25.23.04.56,9.04,45.32,5.210490423807654,5.55449699668585
XO.LT01..HH.2018.05.28.08.07.29,9.35,11.37,9.529685978516188,7.454938081845394
XO.LT01..HH.2018.05.30.09.48.51,,,,
XO.LT01..HH.2018.06.02.15.44.09,129.0,149.84,7.300745222324478,5.141692971481603
XO.LT01..HH.2018.06.02.21.04.45,,,,
XO.LT01..HH.2018.06.03.16.08.35,24.39,45.48,8.526067279172093,5.3508446953455495
XO.LT01..HH.2018.06.04.08.53.58,66.31,,7.354815470557719,
XO.LT01..HH.2018.06.04.11.30.33,,,,
XO.LT01..HH.2018.06.04.23.19.36,20.73,46.73,7.347083547068735,5.836067446656383
XO.LT01..HH.2018.06.06.02.15.01,33.92,108.91,6.826285885744648,6.344935714049612
XO.LT01..HH.2018.06.07.03.06.19,45.18,101.8,7.805202248882634,9.822770414883848
XO.LT01..HH.2018.06.07.04.18.38,11.78,28.02,5.133585156908662,5.798883642857451
XO.LT01..HH.2018.06.07.05.19.07,46.89,142.13,5.119997160880955,5.937821087602272
XO.LT01..HH.2018.06.07.07.54.27,81.74,87.81,5.988080003342148,7.092102166587302
XO.LT01..HH.2018.06.10.09.11.42,28.77,78.33,8.476962749847772,9.846900230563195
XO.LT01..HH.2018.06.12.07.45.33,17.19,34.09,7.848793148945277,6.940175670620383
XO.LT01..HH.2018.06.12.16.24.38,72.79,91.07,6.535821404415047,5.176143896909567
XO.LT01..HH.2018.06.12.18.57.46,83.26,,5.373976390429684,
XO.LT01..HH.2018.06.12.23.24.29,66.89,144.52,8.201224414625102,6.696105574362084
XO.LT01..HH.2018.06.14.16.47.51,25.9,45.2,6.2897104935920956,8.856311425987915
XO.LT01..HH.2018.06.15.09.47.11,10.67,17.69,7.063823082933669,7.9272297059186
XO.LT01..HH.2018.06.18.21.45.13,8.54,45.42,6.117487633339171,9.347852927245109
XO.LT01..HH.2018.06.20.09.27.13,45.13,79.82,6.472418274178198,9.402391547860212
XO.LT01..HH.2018.06.20.15.31.21,17.27,37.99,8.432373268906117,6.825988304209802
XO.LT01..HH.2018.06.20.21.38.34,45.33,49.15,7.430046502868562,6.700965633986027
XO.LT01..HH.2018.06.23.03.58.04,25.41,32.26,5.226767474279993,5.702595924923939
XO.LT01..HH.2018.06.23.22.50.12,16.63,33.27,6.358537395249467,7.242516851999628
XO.LT01..HH.2018.06.26.04.07.06,45.13,57.55,7.801321975473001,5.368726838517142
XO.LT01..HH.2018.06.27.18.42.22,18.59,46.78,6.008611096320643,5.306701008034895
XO.LT01..HH.2018.06.27.19.46.50,14.36,19.88,9.44366166209207,7.218390219066022
XO.LT01..HH.2018.06.27.22.26.10,9.3,45.49,8.7299046441283,7.820534778033803
XO.LT01..HH.2018.06.28.16.18.09,24.51,46.14,9.259661823656025,5.354937519470941
XO.LT01..HH.2018.06.29.02.22.56,12.28,45.6,9.61694365616895,6.374335891895942
XO.LT01..HH.2018.06.30.03.05.03,28.2,71.45,5.029249231897475,6.844250976992611
XO.LT01..HH.2018.07.02.00.06.04,6.9,24.75,6.635813493522519,9.492850936437687
XO.LT01..HH.2018.07.02.14.22.32,29.81,45.4,8.083691872601568,6.5186497764680285
XO.LT01..HH.2018.07.03.07.07.13,23.37,37.24,5.294022182827312,5.942321109254914
XO.LT01..HH.2018.07.03.13.11.44,15.75,45.95,8.91672032011047,7.225233996035734
XO.LT01..HH.2018.07.04.17.33.43,45.65,69.55,6.50798141085889,9.35122085285618
XO.LT01..HH.2018.07.09.17.48.38,26.97,98.13,5.648505682222903,6.804960862047474
XO.LT01..HH.2018.07.10.16.43.25,18.67,,5.081311093580013,
XO.LT01..HH.2018.07.10.23.35.34,45.97,106.09,6.450227388843962,6.728101409049882
XO.LT01..HH.2018.07.12.00.47.49,,,,
XO.LT01..HH.2018.07.12.06.43.21,118.63,,6.051816507537927,
XO.LT01..HH.2018.07.12.06.51.58,124.56,,6.600577170173938,
XO.LT01..HH.2018.07.12.09.38.55,30.2,,8.548160190472347,
XO.LT01..HH.2018.07.13.10.08.23,20.87,129.62,7.418098143029413,5.469098602832131
XO.LT01..HH.2018.07.15.22.56.46,,,,
XO.LT01..HH.2018.07.21.06.55.54,21.96,106.44,8.801038260832248,8.953830238180052
XO.LT01..HH.2018.07.21.22.57.52,11.54,21.51,9.262376527365289,6.882838258176809
XO.LT01..HH.2018.07.22.22.51.51,6.49,,5.049999089462387,
XO.LT01..HH.2018.07.25.11.33.54,6.41,31.45,6.397020061405677,7.447963702063803
XO.LT01..HH.2018.07.26.13.34.31,115.74,133.21,6.071212848817887,6.603833471995174
XO.LT01..HH.2018.07.31.12.25.28,,,,
XO.LT01..HH.2018.07.31.23.15.16,5.37,35.84,7.933299995501747,8.648717660196576
XO.LT04..HH.2018.05.25.08.10.32,45.01,142.13,8.435230530188084,5.652944363693946
XO.LT04..HH.2018.05.25.08.40.15,44.97,54.66,9.993182163275948,5.121293553067168
XO.LT04..HH.2018.05.25.12.35.31,,,,
XO.LT04..HH.2018.05.28.22.01.04,45.0,,7.30613119102993,
XO.LT04..HH.2018.05.29.04.40.11,45.02,,9.895693118011723,
XO.LT04..HH.2018.05.31.01.58.18,100.85,,5.073922771557941,
XO.LT04..HH.2018.06.01.18.12.44,23.3,45.62,8.089118184686647,6.249914289420602
XO.LT04..HH.2018.06.01.20.35.06,27.78,84.51,6.294778881802587,5.3104754970536545
XO.LT04..HH.2018.06.01.22.02.35,46.21,133.15,7.842121981234754,9.386964747441786
XO.LT04..HH.2018.06.02.13.39.17,,,,
XO.LT04..HH.2018.06.02.19.17.37,126.79,,8.099268020395998,
XO.LT04..HH.2018.06.04.07.08.50,,,,
XO.LT04..HH.2018.06.07.00.12.59,86.52,,6.931234063712635,
XO.LT04..HH.2018.06.07.03.06.30,24.23,,8.34900167700653,
XO.LT04..HH.2018.06.11.01.19.42,,,,
XO.LT04..HH.2018.06.13.07.42.57,16.37,,5.638449600178699,
XO.LT04..HH.2018.06.13.09.46.21,,,,
XO.LT04..HH.2018.06.13.16.20.36,39.66,,5.227603884224896,
XO.LT04..HH.2018.06.13.18.40.27,,,,
XO.LT04..HH.2018.06.14.16.48.05,45.13,47.45,7.6485408960704335,7.0422208409588
XO.LT04..HH.2018.06.19.13.54.29,47.83,,5.1869950337207955,
XO.LT04..HH.2018.06.20.16.18.30,,,,
XO.LT04..HH.2018.06.20.21.38.21,16.14,45.14,9.074019261182594,9.894751678963043
XO.LT04..HH.2018.06.22.06.57.04,44.95,76.22,9.627444450964358,5.214902856544518
XO.LT04..HH.2018.06.22.16.56.20,,,,
XO.LT04..HH.2018.06.29.01.00.03,45.35,,7.669570481450521,
XO.LT04..HH.2018.06.30.22.09.27,31.32,,5.024888549026988,
XO.LT04..HH.2018.07.01.20.57.50,45.65,94.89,6.235946292647235,6.2891252928782215
XO.LT04..HH.2018.07.03.09.05.05,12.86,46.73,6.515906565030398,5.094352551062288
XO.LT04..HH.2018.07.03.22.14.09,45.09,,9.734321163468747,
XO.LT04..HH.2018.07.06.02.16.13,45.07,,9.858240559538606,
XO.LT04..HH.2018.07.07.07.33.12,45.3,,8.518763591348915,
XO.LT04..HH.2018.07.08.03.13.53,,,,
XO.LT04..HH.2018.07.09.20.54.09,,,,
XO.LT04..HH.2018.07.11.10.03.42,29.34,149.92,5.884129514628576,5.191778027127795
XO.LT04..HH.2018.07.11.17.50.27,40.42,,5.762731844083576,
XO.LT04..HH.2018.07.12.02.05.29,45.02,104.89,8.66614711265504,6.721076029496629
XO.LT04..HH.2018.07.12.08.32.02,143.29,,5.238513825055387,
XO.LT04..HH.2018.07.16.00.19.34,60.57,74.89,6.727213074553414,5.118908763485596
XO.LT04..HH.2018.07.21.16.10.26,,,,
XO.LT04..HH.2018.07.22.16.21.10,44.67,,9.941750765307539,
XO.LT06..HH.2018.05.12.20.49.48,45.08,52.88,9.73429142779682,9.231292716421727
XO.LT06..HH.2018.05.14.09.20.39,55.8,,7.348314973753356,
XO.LT06..HH.2018.05.27.18.30.20,44.98,64.35,9.440664530573548,8.656656831285266
XO.LT06..HH.2018.05.28.18.47.03,54.56,,8.001634785967372,
XO.LT06..HH.2018.05.29.04.40.08,45.0,58.91,8.277412818853868,9.064149924321079
XO.LT06..HH.2018.05.29.15.14.24,45.19,55.24,9.144928142091771,8.788684031851684
XO.LT06..HH.2018.05.31.10.11.26,22.35,45.97,7.690813471094137,5.638693283223911
XO.LT06..HH.2018.06.03.04.44.01,47.56,64.44,6.124074405823962,5.995900730121592
XO.LT06..HH.2018.06.03.22.39.34,45.35,,7.24060492878992,
XO.LT06..HH.2018.06.04.07.27.46,46.03,,6.548900177345168,
XO.LT06..HH.2018.06.04.11.08.54,44.96,,8.388880349362323,
XO.LT06..HH.2018.06.07.14.11.41,51.57,,8.670787468014277,
XO.LT06..HH.2018.06.11.16.27.35,46.67,,8.628029874725616,
XO.LT06..HH.2018.06.20.12.57.38,,,,
XO.LT06..HH.2018.06.23.11.18.23,45.66,58.77,7.336998604570857,6.168175468906253
XO.LT06..HH.2018.06.28.23.10.28,53.01,,6.525366514551505,
XO.LT06..HH.2018.06.30.03.41.20,45.24,132.44,8.570937055046134,5.030114615197566
XO.LT06..HH.2018.07.03.08.46.40,27.45,,5.455402873664,
XO.LT06..HH.2018.07.04.05.55.42,148.4,,9.836157424008402,
XO.LT06..HH.2018.07.06.20.10.34,34.58,45.75,5.575710809749534,5.193116972318491
XO.LT06..HH.2018.07.11.19.58.12,46.06,,7.491127263670475,
XO.LT06..HH.2018.07.12.02.57.14,44.33,54.17,9.994550736253961,5.6810033554824315
XO.LT06..HH.2018.07.12.23.34.15,44.97,51.71,9.981771757454815,9.38460342128694
XO.LT06..HH.2018.07.17.17.34.45,57.58,,8.797755317105752,
XO.LT06..HH.2018.07.29.10.49.58,44.97,53.99,9.229605837100104,6.802641710190703
XO.LT06..HH.2018.07.29.12.23.19,44.91,60.45,9.977312634715913,7.954668364323781
XO.LT07..HH.2018.05.12.20.49.55,45.1,60.06,9.716738667771818,6.674648582277817
XO.LT07..HH.2018.05.13.11.47.49,,,,
XO.LT07..HH.2018.05.15.10.17.37,,,,
XO.LT07..HH.2018.05.15.13.02.52,47.14,,7.988211161378546,
XO.LT07..HH.2018.05.16.12.54.57,44.97,53.43,9.026716991626122,8.074580348009047
XO.LT07..HH.2018.05.18.22.11.25,46.18,,6.691496065341161,
XO.LT07..HH.2018.05.24.21.33.57,45.23,,7.1116068782370965,
XO.LT07..HH.2018.05.29.04.40.03,45.01,55.71,9.764326990379628,7.915057269678828
XO.LT07..HH.2018.06.06.09.33.43,,,,
XO.LT07..HH.2018.06.16.14.37.30,56.44,,6.219393209792901,
XO.LT07..HH.2018.06.21.04.29.40,,,,
XO.LT07..HH.2018.06.29.16.32.47,,,,
XO.LT07..HH.2018.07.01.19.09.26,146.3,,5.5686064945240865,
XO.LT07..HH.2018.07.02.10.35.41,11.95,45.41,6.21704349823831,7.103929543245434
XO.LT07..HH.2018.07.03.13.10.52,,,,
XO.LT07..HH.2018.07.05.00.42.23,18.43,32.17,5.8615042775351265,5.348228652027719
XO.LT07..HH.2018.07.12.21.03.00,,,,
XO.LT07..HH.2018.07.19.06.06.09,8.79,45.09,7.498024936090719,9.732764695678254
XO.LT07..HH.2018.07.19.10.36.01,45.84,142.49,6.286839034560833,5.73427729233921
XO.LT07..HH.2018.07.20.06.33.44,16.11,31.0,7.462873876761795,5.301776795016262
XO.LT07..HH.2018.07.27.17.42.34,38.76,46.75,6.030505682287477,5.6993329324532995
XO.LT07..HH.2018.07.30.11.33.29,13.86,45.0,7.138175045828042,9.959462433696713
XO.LT07..HH.2018.07.31.14.34.07,35.06,44.94,5.402623217855864,9.930159938153635
XO.LT09..HH.2018.05.28.09.24.23,44.81,72.77,9.948005524224005,5.009681270427248
XO.LT09..HH.2018.06.20.04.53.40,18.62,,6.739130537558036,
XO.LT09..HH.2018.06.20.20.00.10,45.05,,9.102452916794999,
XO.LT09..HH.2018.06.25.11.15.04,26.89,98.71,5.185695649934627,5.860454290500396
XO.LT09..HH.2018.06.27.22.25.46,45.3,53.71,9.111851892048943,7.6088928116466965
XO.LT09..HH.2018.07.03.19.19.04,21.95,,9.707122852630098,
XO.LT09..HH.2018.07.12.02.57.23,21.5,28.37,9.174168549232265,5.587412521158405
XO.LT09..HH.2018.07.24.04.16.32,6.79,38.47,5.654721238558542,7.971112063343943
XO.LT10..HH.2018.05.16.21.10.06,121.82,129.24,5.345325243597728,5.405835605914726
XO.LT10..HH.2018.05.18.16.34.36,44.8,,9.959578359824448,
XO.LT10..HH.2018.05.21.03.48.30,116.22,,5.30096324395439,
XO.LT10..HH.2018.05.29.15.14.28,,,,
XO.LT10..HH.2018.06.19.20.20.27,45.5,62.29,6.977273004792461,5.247086242264228
XO.LT10..HH.2018.06.20.11.13.26,45.68,,9.139183307367786,
XO.LT10..HH.2018.06.21.02.35.55,45.26,,6.286338261073745,
XO.LT10..HH.2018.06.27.21.27.30,45.21,,9.063792652866118,
XO.LT10..HH.2018.07.03.07.06.51,44.45,,9.825284055877988,
XO.LT10..HH.2018.07.03.12.56.42,46.16,,5.637751422852741,
XO.LT10..HH.2018.07.03.13.11.01,44.78,,9.705967273614776,
XO.LT10..HH.2018.07.03.13.15.39,,,,
XO.LT10..HH.2018.07.03.21.06.52,45.21,66.03,8.549675977499678,5.348123099309936
XO.LT10..HH.2018.07.06.20.10.30,44.96,56.08,9.60940667415577,5.426085967016941
XO.LT10..HH.2018.07.15.00.14.29,,,,
XO.LT10..HH.2018.07.20.18.01.18,6.09,,5.940458894656888,
XO.LT10..HH.2018.07.21.08.15.11,49.08,,5.034190773322703,
XO.LT10..HH.2018.07.24.04.16.34,43.78,52.38,9.96333771778718,7.368876288763027
XO.LT12..HH.2018.05.19.17.46.44,45.31,,6.392655969801085,
XO.LT12..HH.2018.06.11.01.19.00,10.03,45.57,5.477926030092835,9.455683870196435
XO.LT12..HH.2018.06.18.21.44.44,44.89,78.38,8.48828427057387,5.019294204348943
XO.LT12..HH.2018.06.22.21.22.21,45.08,,7.660178749550722,
XO.LT12..HH.2018.06.23.11.18.26,47.08,,5.2594964885583835,
XO.LT12..HH.2018.06.27.14.35.49,28.31,149.43,8.32547497215363,9.89069417534419
XO.LT12..HH.2018.06.29.12.37.02,45.58,,9.2647475855357,
XO.LT12..HH.2018.06.29.18.55.46,45.1,93.12,6.5787702234250585,9.957896907858423
XO.LT12..HH.2018.06.30.03.41.12,44.64,,9.938110077205167,
XO.LT12..HH.2018.07.03.07.06.57,6.32,45.54,9.768668039102124,9.413167058855416
XO.LT12..HH.2018.07.03.19.18.46,45.19,149.23,7.608025284897427,9.928471741584485
XO.LT12..HH.2018.07.05.04.58.59,,,,
XO.LT12..HH.2018.07.06.22.30.18,45.95,70.43,5.892316250265252,5.465606679217556
XO.LT12..HH.2018.07.11.07.07.41,,,,
XO.LT12..HH.2018.07.11.17.34.32,,,,
XO.LT12..HH.2018.07.12.21.03.12,47.08,,5.209291817716703,
XO.LT12..HH.2018.07.17.03.31.00,46.83,,9.390080837018553,
XO.LT12..HH.2018.07.19.15.43.52,45.55,,5.8976988562298756,
XO.LT12..HH.2018.07.20.16.23.42,45.35,75.72,8.12378641533116,6.127244994228486
XO.LT12..HH.2018.07.21.08.02.53,45.19,,8.628526260359282,
XO.LT12..HH.2018.07.22.00.27.48,44.98,,9.885561600853421,
XO.LT12..HH.2018.07.23.11.32.01,45.01,,9.86960501977273,
XO.LT12..HH.2018.07.24.04.18.21,44.5,48.86,9.977805296985,5.580776661401022
XO.LT12..HH.2018.07.29.12.23.36,45.1,,9.877802470855446,
XO.LT12..HH.2018.07.31.14.34.22,45.14,149.49,9.277655943632599,9.883918957612757
XO.LT13..HH.2018.05.22.11.57.14,45.72,,5.3038388869111275,
XO.LT13..HH.2018.05.27.23.08.14,44.97,149.86,9.874006383217546,7.494691456074971
XO.LT13..HH.2018.06.01.20.34.56,44.96,149.86,9.640032031435434,8.169128214687133
XO.LT13..HH.2018.06.07.22.52.30,45.59,,6.521982119180431,
XO.LT13..HH.2018.06.11.01.19.05,45.97,,8.20925243531996,
XO.LT13..HH.2018.06.16.10.24.26,45.19,,9.95644097833373,
XO.LT13..HH.2018.06.27.16.31.58,44.91,,9.696936011716353,
XO.LT13..HH.2018.07.03.07.10.15,44.99,113.04,5.639208130001666,8.116534368696023
XO.LT13..HH.2018.07.03.07.11.22,45.97,,8.116534368696064,
XO.LT13..HH.2018.07.03.11.53.32,45.11,,8.795151443494284,
XO.LT13..HH.2018.07.07.20.45.50,45.37,,8.033230432795786,
XO.LT13..HH.2018.07.18.13.01.43,45.74,,7.565470988659722,
XO.LT13..HH.2018.07.19.02.27.56,44.99,47.61,9.755799223687472,5.459912482291504
XO.LT13..HH.2018.07.19.21.15.53,44.92,,9.423923355344458,
XO.LT13..HH.2018.07.21.00.02.15,45.29,149.88,9.533911213530883,7.182369253195634
XO.LT13..HH.2018.07.21.08.02.47,46.47,,7.9737862475148535,
XO.LT13..HH.2018.07.21.11.48.19,44.93,,7.896638278442189,
XO.LT13..HH.2018.07.24.04.13.05,47.68,54.64,6.224224836127778,6.384099272260351
XO.LT13..HH.2018.07.26.07.31.29,44.8,106.56,9.985694879866124,8.363074189746573
XO.LT13..HH.2018.07.28.12.21.57,44.89,,9.791318861504852,
XO.LT14..HH.2018.05.13.16.49.13,26.07,45.08,9.738643481477308,8.926912872043035
XO.LT14..HH.2018.05.13.18.48.42,45.87,,7.237679603340279,
XO.LT14..HH.2018.05.15.19.26.15,45.29,,8.645237551960008,
XO.LT14..HH.2018.05.19.17.46.44,45.16,55.53,7.143085522393422,5.503225636634697
XO.LT14..HH.2018.05.21.04.42.07,45.4,78.29,9.448177876253908,5.498225836116401
XO.LT14..HH.2018.05.23.05.00.54,24.22,45.3,7.047341805698179,9.360407692554597
XO.LT14..HH.2018.05.30.01.52.09,116.7,141.71,6.315026709349,9.60291064169123
XO.LT14..HH.2018.06.04.05.38.19,44.46,,9.929863800746151,
XO.LT14..HH.2018.06.07.10.21.56,44.72,60.04,9.6565878753171,5.199887115968685
XO.LT14..HH.2018.06.17.20.38.39,7.88,45.15,9.847629867079815,8.78934635991141
XO.LT14..HH.2018.06.20.05.24.56,23.03,45.2,5.951233145390998,7.702530422726026
XO.LT14..HH.2018.06.24.20.52.29,45.18,67.37,8.323552981700406,5.284615941968782
XO.LT14..HH.2018.06.26.04.06.48,46.54,57.98,9.82324987233394,8.787667962419063
XO.LT14..HH.2018.06.27.16.32.06,45.38,,7.9926010078274246,
XO.LT14..HH.2018.07.03.00.22.38,45.13,,8.50054979037784,
XO.LT14..HH.2018.07.03.09.04.52,44.93,,9.079211770798135,
XO.LT14..HH.2018.07.03.10.14.00,45.97,68.61,9.074209064719078,5.766201702202805
XO.LT14..HH.2018.07.03.11.25.10,45.36,,9.348176567764275,
XO.LT14..HH.2018.07.03.13.11.01,44.93,,9.046159529834343,
XO.LT14..HH.2018.07.03.19.18.51,45.35,76.79,9.712146189903287,5.027662661841007
XO.LT14..HH.2018.07.11.10.03.31,44.98,,8.59427481133214,
XO.LT14..HH.2018.07.15.00.14.28,44.94,,7.640778926422628,
XO.LT14..HH.2018.07.19.02.28.04,46.3,72.98,8.537971538644543,5.1771849805768895
XO.LT14..HH.2018.07.24.04.18.28,44.93,,9.713926487207974,
XO.LT14..HH.2018.07.24.15.50.44,35.39,45.8,9.656673765965744,9.609909666736344
XO.LT14..HH.2018.07.25.03.31.03,45.19,132.43,7.966184198474215,6.134615000462696
XO.LT14..HH.2018.07.29.08.44.57,45.24,,9.620518737614741,
XO.LT14..HH.2018.07.29.12.23.33,45.1,,9.365667240594298,
XO.LT15..HH.2018.05.23.00.51.43,39.28,67.22,6.038850648096242,5.509390814158885
XO.LT15..HH.2018.06.19.20.20.15,16.38,24.82,6.7248006260621,8.333671114245215
XO.LT15..HH.2018.07.24.04.12.07,26.94,32.96,8.418344717708086,6.509642528392769
XO.LT15..HH.2018.07.24.04.16.32,45.06,,9.74262801941589,
XO.LT15..HH.2018.07.24.15.50.47,46.34,88.62,6.54779751738274,5.086854358654927
XO.LT15..HH.2018.07.25.03.30.53,15.34,45.39,6.253769220305766,5.108342977414911
XO.LT15..HH.2018.07.29.08.44.59,23.32,65.23,5.963366276977697,8.678522159909727
XO.LT15..HH.2018.07.30.11.34.05,18.56,103.61,6.149053987882441,5.623462660624038
XO.LT16..HH.2018.05.22.12.36.22,45.11,69.46,8.596526938422961,5.901780594052926
XO.LT16..HH.2018.05.30.02.35.18,31.78,43.25,8.174375578131157,6.439863546758364
XO.LT16..HH.2018.06.01.20.34.51,13.66,17.9,6.4654473729946815,6.419870509402225
XO.LT16..HH.2018.06.07.10.21.53,29.55,45.25,7.594555786367739,7.305021654581887
XO.LT16..HH.2018.06.11.01.18.55,8.79,15.16,5.274567455966095,7.968074086505234
XO.LT16..HH.2018.06.27.21.27.36,45.47,61.19,6.929979257893184,7.282188496688734
XO.LT16..HH.2018.06.29.05.18.13,13.22,45.15,6.518544589601891,9.352006859158582
XO.LT16..HH.2018.07.01.19.54.44,38.79,47.78,6.172324081334231,7.646774848342418
XO.LT16..HH.2018.07.03.07.21.29,32.73,35.02,6.005772774744996,5.018880098975398
XO.LT16..HH.2018.07.07.12.17.52,44.99,71.48,9.331699536760928,5.253597009417378
XO.LT16..HH.2018.07.11.19.47.18,45.09,52.22,9.568179280074798,6.440471886342535
XO.LT16..HH.2018.07.12.04.09.09,13.76,44.97,9.083590667452034,8.376751489178629
XO.LT16..HH.2018.07.19.02.27.59,36.49,46.86,5.476669134855831,7.750963921705599
XO.LT16..HH.2018.07.21.11.48.22,17.32,24.85,9.924802151027798,9.2669739738537
XO.LT16..HH.2018.07.24.04.13.08,45.53,58.11,7.419682709040745,5.16465007823236
XO.LT16..HH.2018.07.25.04.14.41,45.85,55.46,7.144602363958637,8.183440739338282
XO.LT16..HH.2018.07.25.06.13.01,14.4,21.77,7.830095651922557,5.100650933937869
XO.LT16..HH.2018.07.29.08.44.57,7.26,15.34,5.526471498563343,9.266989918719089
XO.LT17..HH.2018.05.19.02.03.22,45.0,,6.658222915984056,
XO.LT17..HH.2018.05.19.22.03.45,45.2,,8.341720318897663,
XO.LT17..HH.2018.05.20.00.22.24,45.15,,8.19875136789722,
XO.LT17..HH.2018.05.22.23.57.56,45.95,,5.40456187813358,
XO.LT17..HH.2018.06.01.15.49.14,,,,
XO.LT17..HH.2018.06.05.18.26.28,45.23,,8.8550702965758,
XO.LT17..HH.2018.06.09.17.49.04,45.13,,7.711405317746873,
XO.LT17..HH.2018.06.16.10.24.29,45.31,,7.5140329178863965,
XO.LT17..HH.2018.06.20.23.01.47,46.0,,5.130384900007089,
XO.LT17..HH.2018.06.24.21.03.43,,,,
XO.LT17..HH.2018.06.27.14.35.14,44.97,,6.740999581330691,
XO.LT17..HH.2018.06.29.18.55.25,44.82,,9.994357190743274,
XO.LT17..HH.2018.07.02.03.50.52,44.97,,9.949112380054851,
XO.LT17..HH.2018.07.05.17.41.35,45.13,,8.12782752256253,
XO.LT17..HH.2018.07.12.10.25.09,35.51,,6.417215654791754,
XO.LT17..HH.2018.07.16.07.24.24,44.83,,9.982576076730052,
XO.LT17..HH.2018.07.19.14.15.51,44.58,54.85,9.933566888074893,5.96199127086394
XO.LT17..HH.2018.07.19.16.46.04,45.6,,9.441775445117457,
XO.LT17..HH.2018.07.20.16.23.20,44.99,,9.768226645145305,
XO.LT17..HH.2018.07.21.08.28.08,45.04,,8.75839187746056,
XO.LT17..HH.2018.07.21.15.15.02,45.36,48.92,6.287607862134984,7.979714782936658
XO.LT17..HH.2018.07.22.00.27.59,45.12,,6.901282141021159,
XO.LT17..HH.2018.07.24.04.12.25,49.24,,9.122657278027816,
XO.LT17..HH.2018.07.29.14.28.17,45.74,79.33,5.402759568170639,5.878433271800574
XO.LT18..HH.2018.05.19.02.03.22,48.72,,5.3107342679645875,
XO.LT18..HH.2018.05.22.05.23.43,44.99,145.48,9.907618486295807,5.185520664132894
XO.LT18..HH.2018.05.22.11.57.00,45.79,54.16,6.061593281504791,5.033410247216848
XO.LT18..HH.2018.05.22.23.57.53,45.36,55.12,8.52823239407267,7.0951077795154704
XO.LT18..HH.2018.05.26.11.55.24,45.38,,8.793238672398287,
XO.LT18..HH.2018.05.31.17.51.09,14.67,46.26,8.447251690343764,6.212571433081781
XO.LT18..HH.2018.06.03.08.02.03,46.1,,5.765379766601702,
XO.LT18..HH.2018.06.09.17.49.02,45.08,,8.84090862685846,
XO.LT18..HH.2018.06.11.14.24.15,,,,
XO.LT18..HH.2018.06.11.16.27.52,45.0,,9.433974367489185,
XO.LT18..HH.2018.06.15.14.32.38,,,,
XO.LT18..HH.2018.06.23.21.11.07,45.2,57.78,8.568902673122334,6.766724582092439
XO.LT18..HH.2018.06.25.20.45.33,47.51,,6.297923800521714,
XO.LT18..HH.2018.07.06.19.37.10,45.07,,7.989108286690024,
XO.LT18..HH.2018.07.07.20.45.37,44.97,50.79,9.99695882598455,6.270949645552918
XO.LT18..HH.2018.07.17.03.30.59,12.25,44.92,7.250900578096165,9.241404041014318
XO.LT18..HH.2018.07.18.01.55.25,,,,
XO.LT18..HH.2018.07.18.19.19.45,41.18,44.83,6.114033877613966,9.874395505447922
XO.LT18..HH.2018.07.19.14.25.08,40.57,45.82,6.676900721239789,7.290854451460663
XO.LT18..HH.2018.07.20.16.23.18,46.01,,9.84209744529909,
XO.LT18..HH.2018.07.21.08.02.29,44.98,,9.871467528868969,
XO.LT18..HH.2018.07.21.08.14.41,44.19,52.61,9.960741822750645,7.177571666378447
XO.LT18..HH.2018.07.21.09.52.12,5.12,15.64,6.044445289305608,8.013192906755416
XO.LT18..HH.2018.07.21.10.05.24,45.31,,8.599684943281456,
XO.LT18..HH.2018.07.23.14.43.47,34.47,45.65,5.619852167813963,7.159226917756895
XO.LT20..HH.2018.05.19.19.23.05,45.19,95.43,9.739236113507662,5.161579053763657
XO.LT20..HH.2018.05.20.00.22.19,5.41,45.05,6.53578280167513,9.846756636898562
XO.LT20..HH.2018.05.25.06.03.39,7.11,14.22,5.755491966230311,5.0606175461624625
XO.LT20..HH.2018.05.27.14.38.01,6.82,34.34,5.061817533550912,5.012643584837845
XO.LT20..HH.2018.05.28.07.32.51,9.99,28.8,5.233110996538256,7.2374255871392394
XO.LT20..HH.2018.05.29.21.25.20,27.5,34.37,5.883595480530532,5.381344080827171
XO.LT20..HH.2018.05.30.02.35.41,36.2,,9.147315417183094,
XO.LT20..HH.2018.06.07.12.05.57,45.49,59.97,6.41455606955552,8.139278050851093
XO.LT20..HH.2018.06.24.07.28.52,6.6,8.14,8.969834916117014,8.401501536396818
XO.LT20..HH.2018.06.30.11.21.06,28.48,45.1,5.639823655134166,9.899530154510247
XO.LT20..HH.2018.07.05.04.59.34,31.3,45.06,7.231323358817647,8.21154420812128
XO.LT20..HH.2018.07.11.07.07.38,96.28,,5.13523492399702,
XO.LT20..HH.2018.07.11.07.48.46,19.49,106.99,6.479422950151027,5.008861004947507
XO.LT20..HH.2018.07.16.07.24.44,33.05,38.39,6.545636212467677,6.557553763539326
XO.LT20..HH.2018.07.17.21.17.43,6.09,24.26,7.822162213237679,7.556991316061191
XO.LT20..HH.2018.07.18.19.23.10,20.09,28.27,7.899172278180796,9.06622403916085
XO.LT20..HH.2018.07.19.14.25.14,34.44,45.53,6.288224435506954,7.494511806492925
XO.LT20..HH.2018.07.19.14.32.44,7.96,21.53,6.9182989005633235,9.534221675285028
XO.LT20..HH.2018.07.19.21.15.38,45.13,54.72,9.892498094313716,5.0717447825391435
XO.LT20..HH.2018.07.20.10.59.43,10.86,30.47,8.79904912287407,8.916750390068561
XO.LT20..HH.2018.07.20.16.23.14,39.89,44.83,5.129021610447579,9.95858081409292
XO.LT20..HH.2018.07.21.08.21.14,19.97,34.14,6.710366411421071,5.992697319098234
XO.LT20..HH.2018.07.21.10.05.27,45.97,54.15,6.598849267148554,5.482052623070264
XO.LT20..HH.2018.07.22.16.21.20,15.21,45.01,6.657632125010638,8.637695495943436
XO.LT20..HH.2018.07.22.17.12.47,8.94,27.6,7.971332117941696,7.451036569717958
XO.LT20..HH.2018.07.23.14.47.03,21.38,44.92,6.323089692484503,9.661076904428317
XO.LT20..HH.2018.07.25.21.38.17,25.87,38.31,9.015493297167941,6.50173271593554
XO.LT20..HH.2018.07.27.20.02.37,8.57,10.23,6.322532503119664,9.253527631905403
XO.LT20..HH.2018.07.28.05.28.40,36.44,53.1,6.776093236263288,6.556525556641405
XO.WD46..HH.2018.07.13.22.30.13,24.43,79.19,5.17468946457253,8.740277566934035
XO.WD46..HH.2018.07.14.19.25.48,9.33,11.36,6.180507959534087,7.437304169772934
XO.WD46..HH.2018.07.19.12.43.41,22.71,35.42,7.093257817307492,9.53302714629252
XO.WD46..HH.2018.07.24.20.21.13,,,,
XO.WD46..HH.2018.07.27.00.53.08,,,,
XO.WD46..HH.2018.07.29.10.43.22,,,,
XO.WD46..HH.2018.07.31.09.59.37,,,,
XO.WD46..HH.2018.07.31.12.44.00,,,,
XO.WD47..HH.2018.07.20.20.46.07,125.14,,9.965253145741878,
XO.WD48..HH.2018.07.25.11.33.25,46.61,,7.251317202705939,
XO.WD48..HH.2018.07.31.06.59.34,45.5,,7.382895603450449,
XO.WD48..HH.2018.07.31.09.59.54,8.13,38.61,9.996372860220486,5.459872064481113
XO.WD48..HH.2018.07.31.13.23.26,44.99,,9.853540595217616,
XO.WD48..HH.2018.07.31.23.43.46,,,,
XO.WD49..HH.2018.07.16.08.15.57,,,,
XO.WD49..HH.2018.07.17.02.33.12,,,,
XO.WD49..HH.2018.07.19.03.27.23,44.49,68.99,9.838911254345591,5.8241120578115355
XO.WD49..HH.2018.07.21.22.57.32,8.68,44.5,5.1254701729077725,9.006408299884404
XO.WD49..HH.2018.07.25.11.33.38,44.85,71.69,6.594951276628286,6.483906056950938
XO.WD49..HH.2018.07.26.21.49.02,45.89,74.45,8.525010777139467,6.838802185686291
XO.WD49..HH.2018.07.29.10.43.46,46.67,68.49,5.2068680129743,6.147236248858724
XO.WD49..HH.2018.07.31.06.59.43,44.63,,7.711485736681123,
XO.WD49..HH.2018.07.31.09.40.21,44.85,68.05,6.586961028724499,6.49164447350956
XO.WD49..HH.2018.07.31.17.09.48,34.86,45.07,9.986370897562542,8.51587832111335
XO.WD50..HH.2018.07.26.15.26.07,46.22,68.37,6.3238682159555655,6.8980303660003095
XO.WD50..HH.2018.07.27.13.49.07,45.25,,8.726731534794407,
XO.WD50..HH.2018.07.28.03.44.40,45.15,62.93,6.830729805226028,6.406132476248744
XO.WD50..HH.2018.07.28.15.41.40,47.14,,6.141815005003345,
XO.WD50..HH.2018.07.29.10.43.41,66.07,,5.842042875435678,
XO.WD50..HH.2018.07.31.05.39.24,,,,
XO.WD51..HH.2018.07.25.11.33.33,44.94,,9.487680555467643,
XO.WD51..HH.2018.07.27.17.13.32,,,,
XO.WD51..HH.2018.07.29.10.50.19,45.06,,6.703598943463799,
XO.WD51..HH.2018.07.31.11.50.35,67.04,,6.753748740572844,
XO.WD51..HH.2018.07.31.17.09.43,45.78,72.67,5.592899310851595,5.318541146936545
XO.WD52..HH.2018.07.18.19.05.35,36.24,75.97,6.283412082090617,5.1206208206296235
XO.WD52..HH.2018.07.25.18.34.03,44.92,55.77,8.76543472991854,6.799196403982395
XO.WD53..HH.2018.07.24.04.17.03,45.11,75.75,9.647413927146596,8.853817818782193
XO.WD53..HH.2018.07.25.00.59.51,45.12,,7.157111122839646,
XO.WD53..HH.2018.07.30.12.27.58,,,,
XO.WD54..HH.2018.07.25.08.22.55,,,,
XO.WD54..HH.2018.07.27.00.53.02,33.35,44.37,7.997677753648163,9.992777442505767
XO.WD54..HH.2018.07.28.05.17.43,45.01,47.09,9.944081144475005,5.773439235727286
XO.WD54..HH.2018.07.28.06.04.55,15.22,18.03,7.350990064472457,8.15221211367309
XO.WD54..HH.2018.07.29.05.06.27,20.48,33.82,7.036447645780408,5.479237242708256
XO.WD54..HH.2018.07.29.12.16.32,44.82,47.07,9.992728445978363,5.564309953094144
XO.WD55..HH.2018.07.24.04.19.19,46.64,,5.809842116625533,
XO.WD56..HH.2018.07.24.20.21.44,45.94,79.9,6.679374746997905,5.3131215876618425
XO.WD56..HH.2018.07.25.06.12.38,44.74,82.99,7.631601285038736,7.738558679829502
XO.WD56..HH.2018.07.27.22.32.10,11.73,78.5,5.77469299071059,5.874476301945722
XO.WD57..HH.2018.07.25.00.59.51,48.26,,5.71901351889492,
XO.WD57..HH.2018.07.31.06.59.56,47.23,,6.570543514175225,
XO.WD57..HH.2018.07.31.10.03.11,,,,
XO.WD57..HH.2018.07.31.12.25.44,46.6,79.38,7.441916690417544,5.616771071106603
XO.WD57..HH.2018.07.31.14.34.27,44.98,71.25,9.932810958836837,5.775805505027246
XO.WD58..HH.2018.07.18.14.07.46,45.54,74.12,6.00621740278125,7.637912550377008
XO.WD58..HH.2018.07.22.00.28.10,44.91,47.06,9.864349804925027,6.16827626932278
XO.WD58..HH.2018.07.24.04.16.52,44.98,68.45,9.964419660515789,6.594656334899712
XO.WD58..HH.2018.07.30.11.33.55,46.77,72.98,9.893392236240835,8.398105148855318
XO.WD59..HH.2018.07.19.14.33.19,45.23,80.06,9.815119008449551,9.325113301502006
XO.WD59..HH.2018.07.21.10.09.31,44.97,78.93,8.631150652676222,8.117949325762151
XO.WD60..HH.2018.07.18.19.06.03,44.58,,9.657458773497138,
XO.WD60..HH.2018.07.19.02.28.15,45.45,80.16,9.468062123468108,5.852296384345194
XO.WD60..HH.2018.07.19.14.33.19,45.0,78.48,9.808590492383066,6.221294199133929
XO.WD60..HH.2018.07.19.15.04.49,11.31,45.62,7.700657748532988,5.637254887155303
XO.WD61..HH.2018.07.21.07.58.32,,,,
XO.WD61..HH.2018.07.23.11.32.03,45.01,,9.848191192266146,
XO.WD61..HH.2018.07.25.14.10.24,45.15,,8.453442119684153,
XO.WD62..HH.2018.07.19.14.16.15,44.97,71.16,9.980941876519571,8.484127499440074
XO.WD62..HH.2018.07.20.18.01.13,45.19,76.59,8.032759543886609,8.417252252220788
XO.WD62..HH.2018.07.22.00.28.09,44.96,47.98,9.84001818343024,5.942113833096209
XO.WD62..HH.2018.07.24.14.29.24,45.07,74.49,9.530599483625059,8.465809375987883
XO.WD63..HH.2018.07.19.02.28.07,7.86,20.95,9.20918422974334,5.398832809020302
XO.WD63..HH.2018.07.21.07.58.32,16.24,29.2,5.034242909364447,5.05783457848829
XO.WD63..HH.2018.07.24.04.12.34,14.58,27.61,5.784207130359432,5.105017710114234
XO.WD63..HH.2018.07.24.15.50.59,20.69,33.74,9.007180629686074,6.0944693081687245
XO.WD64..HH.2018.07.19.14.16.20,45.03,77.27,9.994030261694462,6.500733410009378
XO.WD64..HH.2018.07.24.15.51.38,45.2,,7.936448064945312,
XO.WD64..HH.2018.07.26.19.17.55,45.48,48.11,7.048883690382063,5.5751950240141745
XO.WD65..HH.2018.07.21.10.05.43,44.98,66.68,9.616560886883954,7.296001527300077
XO.WD66..HH.2018.07.25.18.33.52,47.65,,9.995177747298593,
XO.WD66..HH.2018.07.25.21.37.52,47.66,,9.996475816452296,
XO.WD67..HH.2018.07.21.07.58.28,46.14,,9.81882290838309,
XO.WD67..HH.2018.07.21.08.15.06,44.98,,9.34460397675112,
XO.WD67..HH.2018.07.24.15.51.05,42.7,46.2,6.577428683737426,7.2779016824807705
XO.WD67..HH.2018.07.24.19.14.03,44.98,57.05,9.781259918052207,8.183846225704162
XO.WD68..HH.2018.07.20.16.23.27,45.01,47.74,9.784507871190497,7.564936849357961
XO.WD68..HH.2018.07.21.08.28.22,45.14,,7.943795861731097,
XO.WD68..HH.2018.07.22.17.12.59,44.99,46.98,9.961052552274335,5.868965187924864
XO.WD68..HH.2018.07.24.15.50.55,40.53,45.66,7.823083086201227,7.44800137750793
XO.WD68..HH.2018.07.25.04.07.52,44.97,47.57,8.789218391905228,5.720351549437588
XO.WD68..HH.2018.07.25.18.33.58,45.9,49.62,9.98140317510257,5.519936191708037
XO.WD68..HH.2018.07.25.22.04.06,7.36,45.13,7.023877139387447,5.336250749521657
XO.WD69..HH.2018.07.21.10.05.28,19.85,44.98,6.065363498990069,7.8029208399350365
XO.WD69..HH.2018.07.21.15.15.02,45.01,58.03,9.177871724487572,7.837516889122849
XO.WD69..HH.2018.07.24.14.29.03,21.92,45.16,6.135216721492318,5.4677486054459745
XO.WD69..HH.2018.07.25.22.03.55,44.96,,8.00819437235233,
XO.WD69..HH.2018.07.27.17.19.03,45.17,,5.673047818366054,
XO.WD69..HH.2018.07.31.19.21.34,44.98,55.28,9.436024305271575,8.405095690999618
XO.WD70..HH.2018.07.26.10.54.53,45.02,,9.935316333215312,
XO.WD70..HH.2018.07.26.21.48.46,45.07,65.04,9.01466665100693,5.657529709590383
XO.WD70..HH.2018.07.27.00.53.16,45.1,49.2,9.836947912008272,5.311178786043402
XO.WD70..HH.2018.07.27.14.45.35,46.55,61.66,6.0000304934515905,7.807496802738116
XO.WD70..HH.2018.07.28.06.04.54,47.65,51.85,6.2162415704993395,5.733873659730703
XO.WD70..HH.2018.07.31.06.59.30,35.54,45.04,6.594608891939393,8.139183020549291
XO.WD70..HH.2018.07.31.07.03.13,47.64,,5.933308858420163,
XO.WD70..HH.2018.07.31.17.09.31,45.77,63.33,5.587752278268741,7.638579690161659
XO.WS71..HH.2018.07.29.12.23.26,45.11,47.96,9.969496758016591,6.393695553368946
XO.WS71..HH.2018.07.30.12.28.04,22.37,,6.163247043166958,
XO.WS71..HH.2018.07.30.23.50.19,23.66,45.05,5.564948055555792,7.4241815923414975
XO.WS71..HH.2018.07.31.07.01.27,,,,
XO.WS71..HH.2018.07.31.12.34.35,,,,
XO.WS72..HH.2018.07.25.11.33.25,45.46,,8.48282012333272,
XO.WS72..HH.2018.07.26.07.31.27,45.68,,6.962063461063236,
XO.WS72..HH.2018.07.26.21.48.50,45.97,,8.622169041671867,
XO.WS72..HH.2018.07.27.12.47.55,45.51,73.6,7.261567403895399,5.440353018065553
XO.WS72..HH.2018.07.27.14.45.38,63.79,,6.364131896252492,
XO.WS72..HH.2018.07.27.21.41.16,44.98,59.69,9.40608079097115,6.273799435855091
XO.WS72..HH.2018.07.28.03.44.35,45.0,60.21,9.808419805519874,5.844383542464462
XO.WS72..HH.2018.07.29.05.06.35,45.11,61.39,8.65633772072895,5.834177964673408
XO.WS72..HH.2018.07.30.23.50.10,44.97,62.21,9.959028499840718,7.323427195347676
XO.WS72..HH.2018.07.31.12.34.17,46.55,,5.689943346453057,
XO.WS72..HH.2018.07.31.12.44.12,45.07,62.98,9.55674508083472,5.779401654434555
XO.WS72..HH.2018.07.31.13.48.03,35.6,45.83,6.928030150585512,6.095549589621385
XO.WS72..HH.2018.07.31.14.34.33,45.0,72.19,8.273303087325393,5.031368558466185
XO.WS74..HH.2018.07.25.04.07.49,46.39,140.58,5.57755892534015,8.739735050925036
XO.WS74..HH.2018.07.25.22.03.59,,,,
XO.WS74..HH.2018.07.26.07.31.39,45.1,60.22,8.755884667234172,5.087436780020951
XO.WS74..HH.2018.07.26.19.18.04,45.68,,7.7515408532672305,
XO.WS75..HH.2018.07.19.02.27.41,10.98,23.93,5.118825891049895,7.752110199711366
XO.WS75..HH.2018.07.19.15.24.20,8.61,21.51,5.08492348424361,5.30530545013923
XO.WS75..HH.2018.07.21.15.15.13,,,,
XO.WS75..HH.2018.07.22.00.28.35,14.94,,9.100071323099865,
XO.WS75..HH.2018.07.22.02.53.35,45.01,,6.699726983970183,
XO.WS75..HH.2018.07.22.16.21.18,45.0,,9.851306501643203,
XO.WS75..HH.2018.07.24.04.12.27,45.02,,9.612954757516246,
XO.WS75..HH.2018.07.30.11.34.05,45.17,,9.64232202005566,
