strategy,review_budget_pct,reviewed_n,errors_intercepted,total_errors,interception_rate_pct,precision_pct,config_version,config_hash
Random,0,0,0.0,746,0.0,0.0,semifinal_v1.5.1-bugfix,9727570d238aa4925add04bf363f7611e85e83ea4914f5cf5f8a976c58202b6d
Random,1,13,7.2,746,0.97,55.69,semifinal_v1.5.1-bugfix,9727570d238aa4925add04bf363f7611e85e83ea4914f5cf5f8a976c58202b6d
Random,2,26,14.5,746,1.95,55.81,semifinal_v1.5.1-bugfix,9727570d238aa4925add04bf363f7611e85e83ea4914f5cf5f8a976c58202b6d
Random,3,39,22.3,746,2.99,57.23,semifinal_v1.5.1-bugfix,9727570d238aa4925add04bf363f7611e85e83ea4914f5cf5f8a976c58202b6d
Random,4,52,30.0,746,4.02,57.67,semifinal_v1.5.1-bugfix,9727570d238aa4925add04bf363f7611e85e83ea4914f5cf5f8a976c58202b6d
Random,5,65,37.4,746,5.02,57.62,semifinal_v1.5.1-bugfix,9727570d238aa4925add04bf363f7611e85e83ea4914f5cf5f8a976c58202b6d
Random,6,78,45.1,746,6.05,57.82,semifinal_v1.5.1-bugfix,9727570d238aa4925add04bf363f7611e85e83ea4914f5cf5f8a976c58202b6d
Random,7,91,52.3,746,7.01,57.51,semifinal_v1.5.1-bugfix,9727570d238aa4925add04bf363f7611e85e83ea4914f5cf5f8a976c58202b6d
Random,8,104,60.0,746,8.04,57.7,semifinal_v1.5.1-bugfix,9727570d238aa4925add04bf363f7611e85e83ea4914f5cf5f8a976c58202b6d
Random,9,118,67.9,746,9.1,57.53,semifinal_v1.5.1-bugfix,9727570d238aa4925add04bf363f7611e85e83ea4914f5cf5f8a976c58202b6d
Random,10,131,75.2,746,10.08,57.43,semifinal_v1.5.1-bugfix,9727570d238aa4925add04bf363f7611e85e83ea4914f5cf5f8a976c58202b6d
Random,11,144,82.5,746,11.06,57.3,semifinal_v1.5.1-bugfix,9727570d238aa4925add04bf363f7611e85e83ea4914f5cf5f8a976c58202b6d
Random,12,157,90.1,746,12.08,57.41,semifinal_v1.5.1-bugfix,9727570d238aa4925add04bf363f7611e85e83ea4914f5cf5f8a976c58202b6d
Random,13,170,97.4,746,13.06,57.3,semifinal_v1.5.1-bugfix,9727570d238aa4925add04bf363f7611e85e83ea4914f5cf5f8a976c58202b6d
Random,14,183,104.5,746,14.01,57.1,semifinal_v1.5.1-bugfix,9727570d238aa4925add04bf363f7611e85e83ea4914f5cf5f8a976c58202b6d
Random,15,196,112.2,746,15.05,57.27,semifinal_v1.5.1-bugfix,9727570d238aa4925add04bf363f7611e85e83ea4914f5cf5f8a976c58202b6d
Random,16,209,119.7,746,16.05,57.28,semifinal_v1.5.1-bugfix,9727570d238aa4925add04bf363f7611e85e83ea4914f5cf5f8a976c58202b6d
Random,17,222,127.2,746,17.06,57.32,semifinal_v1.5.1-bugfix,9727570d238aa4925add04bf363f7611e85e83ea4914f5cf5f8a976c58202b6d
Random,18,235,134.6,746,18.05,57.3,semifinal_v1.5.1-bugfix,9727570d238aa4925add04bf363f7611e85e83ea4914f5cf5f8a976c58202b6d
Random,19,248,142.2,746,19.06,57.33,semifinal_v1.5.1-bugfix,9727570d238aa4925add04bf363f7611e85e83ea4914f5cf5f8a976c58202b6d
Random,20,261,149.4,746,20.03,57.24,semifinal_v1.5.1-bugfix,9727570d238aa4925add04bf363f7611e85e83ea4914f5cf5f8a976c58202b6d
Random,21,274,156.9,746,21.03,57.26,semifinal_v1.5.1-bugfix,9727570d238aa4925add04bf363f7611e85e83ea4914f5cf5f8a976c58202b6d
Random,22,287,164.0,746,21.98,57.14,semifinal_v1.5.1-bugfix,9727570d238aa4925add04bf363f7611e85e83ea4914f5cf5f8a976c58202b6d
Random,23,300,171.3,746,22.97,57.11,semifinal_v1.5.1-bugfix,9727570d238aa4925add04bf363f7611e85e83ea4914f5cf5f8a976c58202b6d
Random,24,313,178.7,746,23.96,57.1,semifinal_v1.5.1-bugfix,9727570d238aa4925add04bf363f7611e85e83ea4914f5cf5f8a976c58202b6d
Random,25,326,186.1,746,24.95,57.09,semifinal_v1.5.1-bugfix,9727570d238aa4925add04bf363f7611e85e83ea4914f5cf5f8a976c58202b6d
Random,26,340,194.2,746,26.03,57.11,semifinal_v1.5.1-bugfix,9727570d238aa4925add04bf363f7611e85e83ea4914f5cf5f8a976c58202b6d
Random,27,353,202.0,746,27.08,57.24,semifinal_v1.5.1-bugfix,9727570d238aa4925add04bf363f7611e85e83ea4914f5cf5f8a976c58202b6d
Random,28,366,209.1,746,28.03,57.14,semifinal_v1.5.1-bugfix,9727570d238aa4925add04bf363f7611e85e83ea4914f5cf5f8a976c58202b6d
Random,29,379,216.7,746,29.05,57.17,semifinal_v1.5.1-bugfix,9727570d238aa4925add04bf363f7611e85e83ea4914f5cf5f8a976c58202b6d
Random,30,392,223.8,746,30.0,57.09,semifinal_v1.5.1-bugfix,9727570d238aa4925add04bf363f7611e85e83ea4914f5cf5f8a976c58202b6d
Random,31,405,231.3,746,31.01,57.12,semifinal_v1.5.1-bugfix,9727570d238aa4925add04bf363f7611e85e83ea4914f5cf5f8a976c58202b6d
Random,32,418,238.6,746,31.98,57.08,semifinal_v1.5.1-bugfix,9727570d238aa4925add04bf363f7611e85e83ea4914f5cf5f8a976c58202b6d
Random,33,431,245.9,746,32.96,57.06,semifinal_v1.5.1-bugfix,9727570d238aa4925add04bf363f7611e85e83ea4914f5cf5f8a976c58202b6d
Random,34,444,253.4,746,33.96,57.07,semifinal_v1.5.1-bugfix,9727570d238aa4925add04bf363f7611e85e83ea4914f5cf5f8a976c58202b6d
Random,35,457,260.7,746,34.95,57.04,semifinal_v1.5.1-bugfix,9727570d238aa4925add04bf363f7611e85e83ea4914f5cf5f8a976c58202b6d
Random,36,470,268.3,746,35.97,57.09,semifinal_v1.5.1-bugfix,9727570d238aa4925add04bf363f7611e85e83ea4914f5cf5f8a976c58202b6d
Random,37,483,275.7,746,36.95,57.08,semifinal_v1.5.1-bugfix,9727570d238aa4925add04bf363f7611e85e83ea4914f5cf5f8a976c58202b6d
Random,38,496,283.0,746,37.94,57.07,semifinal_v1.5.1-bugfix,9727570d238aa4925add04bf363f7611e85e83ea4914f5cf5f8a976c58202b6d
Random,39,509,290.4,746,38.92,57.05,semifinal_v1.5.1-bugfix,9727570d238aa4925add04bf363f7611e85e83ea4914f5cf5f8a976c58202b6d
Random,40,522,298.0,746,39.95,57.09,semifinal_v1.5.1-bugfix,9727570d238aa4925add04bf363f7611e85e83ea4914f5cf5f8a976c58202b6d
Random,41,535,305.2,746,40.92,57.06,semifinal_v1.5.1-bugfix,9727570d238aa4925add04bf363f7611e85e83ea4914f5cf5f8a976c58202b6d
Random,42,549,313.2,746,41.99,57.05,semifinal_v1.5.1-bugfix,9727570d238aa4925add04bf363f7611e85e83ea4914f5cf5f8a976c58202b6d
Random,43,562,320.9,746,43.02,57.1,semifinal_v1.5.1-bugfix,9727570d238aa4925add04bf363f7611e85e83ea4914f5cf5f8a976c58202b6d
Random,44,575,328.4,746,44.02,57.11,semifinal_v1.5.1-bugfix,9727570d238aa4925add04bf363f7611e85e83ea4914f5cf5f8a976c58202b6d
Random,45,588,335.8,746,45.02,57.12,semifinal_v1.5.1-bugfix,9727570d238aa4925add04bf363f7611e85e83ea4914f5cf5f8a976c58202b6d
Random,46,601,343.1,746,45.99,57.08,semifinal_v1.5.1-bugfix,9727570d238aa4925add04bf363f7611e85e83ea4914f5cf5f8a976c58202b6d
Random,47,614,350.5,746,46.98,57.08,semifinal_v1.5.1-bugfix,9727570d238aa4925add04bf363f7611e85e83ea4914f5cf5f8a976c58202b6d
Random,48,627,357.8,746,47.97,57.07,semifinal_v1.5.1-bugfix,9727570d238aa4925add04bf363f7611e85e83ea4914f5cf5f8a976c58202b6d
Random,49,640,365.3,746,48.97,57.08,semifinal_v1.5.1-bugfix,9727570d238aa4925add04bf363f7611e85e83ea4914f5cf5f8a976c58202b6d
Random,50,653,372.7,746,49.96,57.08,semifinal_v1.5.1-bugfix,9727570d238aa4925add04bf363f7611e85e83ea4914f5cf5f8a976c58202b6d
Random,51,666,380.4,746,50.99,57.11,semifinal_v1.5.1-bugfix,9727570d238aa4925add04bf363f7611e85e83ea4914f5cf5f8a976c58202b6d
Random,52,679,387.9,746,51.99,57.12,semifinal_v1.5.1-bugfix,9727570d238aa4925add04bf363f7611e85e83ea4914f5cf5f8a976c58202b6d
Random,53,692,395.4,746,53.01,57.14,semifinal_v1.5.1-bugfix,9727570d238aa4925add04bf363f7611e85e83ea4914f5cf5f8a976c58202b6d
Random,54,705,402.7,746,53.98,57.12,semifinal_v1.5.1-bugfix,9727570d238aa4925add04bf363f7611e85e83ea4914f5cf5f8a976c58202b6d
Random,55,718,410.2,746,54.99,57.14,semifinal_v1.5.1-bugfix,9727570d238aa4925add04bf363f7611e85e83ea4914f5cf5f8a976c58202b6d
Random,56,731,417.7,746,55.99,57.14,semifinal_v1.5.1-bugfix,9727570d238aa4925add04bf363f7611e85e83ea4914f5cf5f8a976c58202b6d
Random,57,744,425.0,746,56.97,57.13,semifinal_v1.5.1-bugfix,9727570d238aa4925add04bf363f7611e85e83ea4914f5cf5f8a976c58202b6d
Random,58,757,432.4,746,57.96,57.11,semifinal_v1.5.1-bugfix,9727570d238aa4925add04bf363f7611e85e83ea4914f5cf5f8a976c58202b6d
Random,59,771,440.2,746,59.01,57.1,semifinal_v1.5.1-bugfix,9727570d238aa4925add04bf363f7611e85e83ea4914f5cf5f8a976c58202b6d
Random,60,784,448.2,746,60.09,57.17,semifinal_v1.5.1-bugfix,9727570d238aa4925add04bf363f7611e85e83ea4914f5cf5f8a976c58202b6d
ModelConf,0,0,0.0,746,0.0,0.0,semifinal_v1.5.1-bugfix,9727570d238aa4925add04bf363f7611e85e83ea4914f5cf5f8a976c58202b6d
ModelConf,1,13,13.0,746,1.74,100.0,semifinal_v1.5.1-bugfix,9727570d238aa4925add04bf363f7611e85e83ea4914f5cf5f8a976c58202b6d
ModelConf,2,26,25.0,746,3.35,96.15,semifinal_v1.5.1-bugfix,9727570d238aa4925add04bf363f7611e85e83ea4914f5cf5f8a976c58202b6d
ModelConf,3,39,38.0,746,5.09,97.44,semifinal_v1.5.1-bugfix,9727570d238aa4925add04bf363f7611e85e83ea4914f5cf5f8a976c58202b6d
ModelConf,4,52,51.0,746,6.84,98.08,semifinal_v1.5.1-bugfix,9727570d238aa4925add04bf363f7611e85e83ea4914f5cf5f8a976c58202b6d
ModelConf,5,65,64.0,746,8.58,98.46,semifinal_v1.5.1-bugfix,9727570d238aa4925add04bf363f7611e85e83ea4914f5cf5f8a976c58202b6d
ModelConf,6,78,77.0,746,10.32,98.72,semifinal_v1.5.1-bugfix,9727570d238aa4925add04bf363f7611e85e83ea4914f5cf5f8a976c58202b6d
ModelConf,7,91,88.0,746,11.8,96.7,semifinal_v1.5.1-bugfix,9727570d238aa4925add04bf363f7611e85e83ea4914f5cf5f8a976c58202b6d
ModelConf,8,104,99.0,746,13.27,95.19,semifinal_v1.5.1-bugfix,9727570d238aa4925add04bf363f7611e85e83ea4914f5cf5f8a976c58202b6d
ModelConf,9,118,107.0,746,14.34,90.68,semifinal_v1.5.1-bugfix,9727570d238aa4925add04bf363f7611e85e83ea4914f5cf5f8a976c58202b6d
ModelConf,10,131,118.0,746,15.82,90.08,semifinal_v1.5.1-bugfix,9727570d238aa4925add04bf363f7611e85e83ea4914f5cf5f8a976c58202b6d
ModelConf,11,144,127.0,746,17.02,88.19,semifinal_v1.5.1-bugfix,9727570d238aa4925add04bf363f7611e85e83ea4914f5cf5f8a976c58202b6d
ModelConf,12,157,134.0,746,17.96,85.35,semifinal_v1.5.1-bugfix,9727570d238aa4925add04bf363f7611e85e83ea4914f5cf5f8a976c58202b6d
ModelConf,13,170,144.0,746,19.3,84.71,semifinal_v1.5.1-bugfix,9727570d238aa4925add04bf363f7611e85e83ea4914f5cf5f8a976c58202b6d
ModelConf,14,183,154.0,746,20.64,84.15,semifinal_v1.5.1-bugfix,9727570d238aa4925add04bf363f7611e85e83ea4914f5cf5f8a976c58202b6d
ModelConf,15,196,162.0,746,21.72,82.65,semifinal_v1.5.1-bugfix,9727570d238aa4925add04bf363f7611e85e83ea4914f5cf5f8a976c58202b6d
ModelConf,16,209,173.0,746,23.19,82.78,semifinal_v1.5.1-bugfix,9727570d238aa4925add04bf363f7611e85e83ea4914f5cf5f8a976c58202b6d
ModelConf,17,222,182.0,746,24.4,81.98,semifinal_v1.5.1-bugfix,9727570d238aa4925add04bf363f7611e85e83ea4914f5cf5f8a976c58202b6d
ModelConf,18,235,190.0,746,25.47,80.85,semifinal_v1.5.1-bugfix,9727570d238aa4925add04bf363f7611e85e83ea4914f5cf5f8a976c58202b6d
ModelConf,19,248,199.0,746,26.68,80.24,semifinal_v1.5.1-bugfix,9727570d238aa4925add04bf363f7611e85e83ea4914f5cf5f8a976c58202b6d
ModelConf,20,261,207.0,746,27.75,79.31,semifinal_v1.5.1-bugfix,9727570d238aa4925add04bf363f7611e85e83ea4914f5cf5f8a976c58202b6d
ModelConf,21,274,218.0,746,29.22,79.56,semifinal_v1.5.1-bugfix,9727570d238aa4925add04bf363f7611e85e83ea4914f5cf5f8a976c58202b6d
ModelConf,22,287,229.0,746,30.7,79.79,semifinal_v1.5.1-bugfix,9727570d238aa4925add04bf363f7611e85e83ea4914f5cf5f8a976c58202b6d
ModelConf,23,300,239.0,746,32.04,79.67,semifinal_v1.5.1-bugfix,9727570d238aa4925add04bf363f7611e85e83ea4914f5cf5f8a976c58202b6d
ModelConf,24,313,248.0,746,33.24,79.23,semifinal_v1.5.1-bugfix,9727570d238aa4925add04bf363f7611e85e83ea4914f5cf5f8a976c58202b6d
ModelConf,25,326,257.0,746,34.45,78.83,semifinal_v1.5.1-bugfix,9727570d238aa4925add04bf363f7611e85e83ea4914f5cf5f8a976c58202b6d
ModelConf,26,340,263.0,746,35.25,77.35,semifinal_v1.5.1-bugfix,9727570d238aa4925add04bf363f7611e85e83ea4914f5cf5f8a976c58202b6d
ModelConf,27,353,273.0,746,36.6,77.34,semifinal_v1.5.1-bugfix,9727570d238aa4925add04bf363f7611e85e83ea4914f5cf5f8a976c58202b6d
ModelConf,28,366,282.0,746,37.8,77.05,semifinal_v1.5.1-bugfix,9727570d238aa4925add04bf363f7611e85e83ea4914f5cf5f8a976c58202b6d
ModelConf,29,379,288.0,746,38.61,75.99,semifinal_v1.5.1-bugfix,9727570d238aa4925add04bf363f7611e85e83ea4914f5cf5f8a976c58202b6d
ModelConf,30,392,293.0,746,39.28,74.74,semifinal_v1.5.1-bugfix,9727570d238aa4925add04bf363f7611e85e83ea4914f5cf5f8a976c58202b6d
ModelConf,31,405,300.0,746,40.21,74.07,semifinal_v1.5.1-bugfix,9727570d238aa4925add04bf363f7611e85e83ea4914f5cf5f8a976c58202b6d
ModelConf,32,418,306.0,746,41.02,73.21,semifinal_v1.5.1-bugfix,9727570d238aa4925add04bf363f7611e85e83ea4914f5cf5f8a976c58202b6d
ModelConf,33,431,318.0,746,42.63,73.78,semifinal_v1.5.1-bugfix,9727570d238aa4925add04bf363f7611e85e83ea4914f5cf5f8a976c58202b6d
ModelConf,34,444,328.0,746,43.97,73.87,semifinal_v1.5.1-bugfix,9727570d238aa4925add04bf363f7611e85e83ea4914f5cf5f8a976c58202b6d
ModelConf,35,457,335.0,746,44.91,73.3,semifinal_v1.5.1-bugfix,9727570d238aa4925add04bf363f7611e85e83ea4914f5cf5f8a976c58202b6d
ModelConf,36,470,344.0,746,46.11,73.19,semifinal_v1.5.1-bugfix,9727570d238aa4925add04bf363f7611e85e83ea4914f5cf5f8a976c58202b6d
ModelConf,37,483,351.0,746,47.05,72.67,semifinal_v1.5.1-bugfix,9727570d238aa4925add04bf363f7611e85e83ea4914f5cf5f8a976c58202b6d
ModelConf,38,496,359.0,746,48.12,72.38,semifinal_v1.5.1-bugfix,9727570d238aa4925add04bf363f7611e85e83ea4914f5cf5f8a976c58202b6d
ModelConf,39,509,366.0,746,49.06,71.91,semifinal_v1.5.1-bugfix,9727570d238aa4925add04bf363f7611e85e83ea4914f5cf5f8a976c58202b6d
ModelConf,40,522,373.0,746,50.0,71.46,semifinal_v1.5.1-bugfix,9727570d238aa4925add04bf363f7611e85e83ea4914f5cf5f8a976c58202b6d
ModelConf,41,535,384.0,746,51.47,71.78,semifinal_v1.5.1-bugfix,9727570d238aa4925add04bf363f7611e85e83ea4914f5cf5f8a976c58202b6d
ModelConf,42,549,390.0,746,52.28,71.04,semifinal_v1.5.1-bugfix,9727570d238aa4925add04bf363f7611e85e83ea4914f5cf5f8a976c58202b6d
ModelConf,43,562,398.0,746,53.35,70.82,semifinal_v1.5.1-bugfix,9727570d238aa4925add04bf363f7611e85e83ea4914f5cf5f8a976c58202b6d
ModelConf,44,575,407.0,746,54.56,70.78,semifinal_v1.5.1-bugfix,9727570d238aa4925add04bf363f7611e85e83ea4914f5cf5f8a976c58202b6d
ModelConf,45,588,415.0,746,55.63,70.58,semifinal_v1.5.1-bugfix,9727570d238aa4925add04bf363f7611e85e83ea4914f5cf5f8a976c58202b6d
ModelConf,46,601,422.0,746,56.57,70.22,semifinal_v1.5.1-bugfix,9727570d238aa4925add04bf363f7611e85e83ea4914f5cf5f8a976c58202b6d
ModelConf,47,614,428.0,746,57.37,69.71,semifinal_v1.5.1-bugfix,9727570d238aa4925add04bf363f7611e85e83ea4914f5cf5f8a976c58202b6d
ModelConf,48,627,433.0,746,58.04,69.06,semifinal_v1.5.1-bugfix,9727570d238aa4925add04bf363f7611e85e83ea4914f5cf5f8a976c58202b6d
ModelConf,49,640,442.0,746,59.25,69.06,semifinal_v1.5.1-bugfix,9727570d238aa4925add04bf363f7611e85e83ea4914f5cf5f8a976c58202b6d
ModelConf,50,653,447.0,746,59.92,68.45,semifinal_v1.5.1-bugfix,9727570d238aa4925add04bf363f7611e85e83ea4914f5cf5f8a976c58202b6d
ModelConf,51,666,454.0,746,60.86,68.17,semifinal_v1.5.1-bugfix,9727570d238aa4925add04bf363f7611e85e83ea4914f5cf5f8a976c58202b6d
ModelConf,52,679,457.0,746,61.26,67.3,semifinal_v1.5.1-bugfix,9727570d238aa4925add04bf363f7611e85e83ea4914f5cf5f8a976c58202b6d
ModelConf,53,692,466.0,746,62.47,67.34,semifinal_v1.5.1-bugfix,9727570d238aa4925add04bf363f7611e85e83ea4914f5cf5f8a976c58202b6d
ModelConf,54,705,471.0,746,63.14,66.81,semifinal_v1.5.1-bugfix,9727570d238aa4925add04bf363f7611e85e83ea4914f5cf5f8a976c58202b6d
ModelConf,55,718,480.0,746,64.34,66.85,semifinal_v1.5.1-bugfix,9727570d238aa4925add04bf363f7611e85e83ea4914f5cf5f8a976c58202b6d
ModelConf,56,731,488.0,746,65.42,66.76,semifinal_v1.5.1-bugfix,9727570d238aa4925add04bf363f7611e85e83ea4914f5cf5f8a976c58202b6d
ModelConf,57,744,497.0,746,66.62,66.8,semifinal_v1.5.1-bugfix,9727570d238aa4925add04bf363f7611e85e83ea4914f5cf5f8a976c58202b6d
ModelConf,58,757,507.0,746,67.96,66.97,semifinal_v1.5.1-bugfix,9727570d238aa4925add04bf363f7611e85e83ea4914f5cf5f8a976c58202b6d
ModelConf,59,771,517.0,746,69.3,67.06,semifinal_v1.5.1-bugfix,9727570d238aa4925add04bf363f7611e85e83ea4914f5cf5f8a976c58202b6d
ModelConf,60,784,522.0,746,69.97,66.58,semifinal_v1.5.1-bugfix,9727570d238aa4925add04bf363f7611e85e83ea4914f5cf5f8a976c58202b6d
Disagreement,0,0,0.0,746,0.0,0.0,semifinal_v1.5.1-bugfix,9727570d238aa4925add04bf363f7611e85e83ea4914f5cf5f8a976c58202b6d
Disagreement,1,13,11.0,746,1.47,84.62,semifinal_v1.5.1-bugfix,9727570d238aa4925add04bf363f7611e85e83ea4914f5cf5f8a976c58202b6d
Disagreement,2,26,20.0,746,2.68,76.92,semifinal_v1.5.1-bugfix,9727570d238aa4925add04bf363f7611e85e83ea4914f5cf5f8a976c58202b6d
Disagreement,3,39,32.0,746,4.29,82.05,semifinal_v1.5.1-bugfix,9727570d238aa4925add04bf363f7611e85e83ea4914f5cf5f8a976c58202b6d
Disagreement,4,52,40.0,746,5.36,76.92,semifinal_v1.5.1-bugfix,9727570d238aa4925add04bf363f7611e85e83ea4914f5cf5f8a976c58202b6d
Disagreement,5,65,50.0,746,6.7,76.92,semifinal_v1.5.1-bugfix,9727570d238aa4925add04bf363f7611e85e83ea4914f5cf5f8a976c58202b6d
Disagreement,6,78,60.0,746,8.04,76.92,semifinal_v1.5.1-bugfix,9727570d238aa4925add04bf363f7611e85e83ea4914f5cf5f8a976c58202b6d
Disagreement,7,91,69.0,746,9.25,75.82,semifinal_v1.5.1-bugfix,9727570d238aa4925add04bf363f7611e85e83ea4914f5cf5f8a976c58202b6d
Disagreement,8,104,77.0,746,10.32,74.04,semifinal_v1.5.1-bugfix,9727570d238aa4925add04bf363f7611e85e83ea4914f5cf5f8a976c58202b6d
Disagreement,9,118,89.0,746,11.93,75.42,semifinal_v1.5.1-bugfix,9727570d238aa4925add04bf363f7611e85e83ea4914f5cf5f8a976c58202b6d
Disagreement,10,131,102.0,746,13.67,77.86,semifinal_v1.5.1-bugfix,9727570d238aa4925add04bf363f7611e85e83ea4914f5cf5f8a976c58202b6d
Disagreement,11,144,113.0,746,15.15,78.47,semifinal_v1.5.1-bugfix,9727570d238aa4925add04bf363f7611e85e83ea4914f5cf5f8a976c58202b6d
Disagreement,12,157,123.0,746,16.49,78.34,semifinal_v1.5.1-bugfix,9727570d238aa4925add04bf363f7611e85e83ea4914f5cf5f8a976c58202b6d
Disagreement,13,170,134.0,746,17.96,78.82,semifinal_v1.5.1-bugfix,9727570d238aa4925add04bf363f7611e85e83ea4914f5cf5f8a976c58202b6d
Disagreement,14,183,143.0,746,19.17,78.14,semifinal_v1.5.1-bugfix,9727570d238aa4925add04bf363f7611e85e83ea4914f5cf5f8a976c58202b6d
Disagreement,15,196,154.0,746,20.64,78.57,semifinal_v1.5.1-bugfix,9727570d238aa4925add04bf363f7611e85e83ea4914f5cf5f8a976c58202b6d
Disagreement,16,209,166.0,746,22.25,79.43,semifinal_v1.5.1-bugfix,9727570d238aa4925add04bf363f7611e85e83ea4914f5cf5f8a976c58202b6d
Disagreement,17,222,176.0,746,23.59,79.28,semifinal_v1.5.1-bugfix,9727570d238aa4925add04bf363f7611e85e83ea4914f5cf5f8a976c58202b6d
Disagreement,18,235,186.0,746,24.93,79.15,semifinal_v1.5.1-bugfix,9727570d238aa4925add04bf363f7611e85e83ea4914f5cf5f8a976c58202b6d
Disagreement,19,248,196.0,746,26.27,79.03,semifinal_v1.5.1-bugfix,9727570d238aa4925add04bf363f7611e85e83ea4914f5cf5f8a976c58202b6d
Disagreement,20,261,207.0,746,27.75,79.31,semifinal_v1.5.1-bugfix,9727570d238aa4925add04bf363f7611e85e83ea4914f5cf5f8a976c58202b6d
Disagreement,21,274,216.0,746,28.95,78.83,semifinal_v1.5.1-bugfix,9727570d238aa4925add04bf363f7611e85e83ea4914f5cf5f8a976c58202b6d
Disagreement,22,287,226.0,746,30.29,78.75,semifinal_v1.5.1-bugfix,9727570d238aa4925add04bf363f7611e85e83ea4914f5cf5f8a976c58202b6d
Disagreement,23,300,230.0,746,30.83,76.67,semifinal_v1.5.1-bugfix,9727570d238aa4925add04bf363f7611e85e83ea4914f5cf5f8a976c58202b6d
Disagreement,24,313,238.0,746,31.9,76.04,semifinal_v1.5.1-bugfix,9727570d238aa4925add04bf363f7611e85e83ea4914f5cf5f8a976c58202b6d
Disagreement,25,326,245.0,746,32.84,75.15,semifinal_v1.5.1-bugfix,9727570d238aa4925add04bf363f7611e85e83ea4914f5cf5f8a976c58202b6d
Disagreement,26,340,251.0,746,33.65,73.82,semifinal_v1.5.1-bugfix,9727570d238aa4925add04bf363f7611e85e83ea4914f5cf5f8a976c58202b6d
Disagreement,27,353,260.0,746,34.85,73.65,semifinal_v1.5.1-bugfix,9727570d238aa4925add04bf363f7611e85e83ea4914f5cf5f8a976c58202b6d
Disagreement,28,366,265.0,746,35.52,72.4,semifinal_v1.5.1-bugfix,9727570d238aa4925add04bf363f7611e85e83ea4914f5cf5f8a976c58202b6d
Disagreement,29,379,276.0,746,37.0,72.82,semifinal_v1.5.1-bugfix,9727570d238aa4925add04bf363f7611e85e83ea4914f5cf5f8a976c58202b6d
Disagreement,30,392,281.0,746,37.67,71.68,semifinal_v1.5.1-bugfix,9727570d238aa4925add04bf363f7611e85e83ea4914f5cf5f8a976c58202b6d
Disagreement,31,405,287.0,746,38.47,70.86,semifinal_v1.5.1-bugfix,9727570d238aa4925add04bf363f7611e85e83ea4914f5cf5f8a976c58202b6d
Disagreement,32,418,295.0,746,39.54,70.57,semifinal_v1.5.1-bugfix,9727570d238aa4925add04bf363f7611e85e83ea4914f5cf5f8a976c58202b6d
Disagreement,33,431,304.0,746,40.75,70.53,semifinal_v1.5.1-bugfix,9727570d238aa4925add04bf363f7611e85e83ea4914f5cf5f8a976c58202b6d
Disagreement,34,444,312.0,746,41.82,70.27,semifinal_v1.5.1-bugfix,9727570d238aa4925add04bf363f7611e85e83ea4914f5cf5f8a976c58202b6d
Disagreement,35,457,318.0,746,42.63,69.58,semifinal_v1.5.1-bugfix,9727570d238aa4925add04bf363f7611e85e83ea4914f5cf5f8a976c58202b6d
Disagreement,36,470,325.0,746,43.57,69.15,semifinal_v1.5.1-bugfix,9727570d238aa4925add04bf363f7611e85e83ea4914f5cf5f8a976c58202b6d
Disagreement,37,483,334.0,746,44.77,69.15,semifinal_v1.5.1-bugfix,9727570d238aa4925add04bf363f7611e85e83ea4914f5cf5f8a976c58202b6d
Disagreement,38,496,341.0,746,45.71,68.75,semifinal_v1.5.1-bugfix,9727570d238aa4925add04bf363f7611e85e83ea4914f5cf5f8a976c58202b6d
Disagreement,39,509,347.0,746,46.51,68.17,semifinal_v1.5.1-bugfix,9727570d238aa4925add04bf363f7611e85e83ea4914f5cf5f8a976c58202b6d
Disagreement,40,522,354.0,746,47.45,67.82,semifinal_v1.5.1-bugfix,9727570d238aa4925add04bf363f7611e85e83ea4914f5cf5f8a976c58202b6d
Disagreement,41,535,362.0,746,48.53,67.66,semifinal_v1.5.1-bugfix,9727570d238aa4925add04bf363f7611e85e83ea4914f5cf5f8a976c58202b6d
Disagreement,42,549,367.0,746,49.2,66.85,semifinal_v1.5.1-bugfix,9727570d238aa4925add04bf363f7611e85e83ea4914f5cf5f8a976c58202b6d
Disagreement,43,562,371.0,746,49.73,66.01,semifinal_v1.5.1-bugfix,9727570d238aa4925add04bf363f7611e85e83ea4914f5cf5f8a976c58202b6d
Disagreement,44,575,377.0,746,50.54,65.57,semifinal_v1.5.1-bugfix,9727570d238aa4925add04bf363f7611e85e83ea4914f5cf5f8a976c58202b6d
Disagreement,45,588,384.0,746,51.47,65.31,semifinal_v1.5.1-bugfix,9727570d238aa4925add04bf363f7611e85e83ea4914f5cf5f8a976c58202b6d
Disagreement,46,601,390.0,746,52.28,64.89,semifinal_v1.5.1-bugfix,9727570d238aa4925add04bf363f7611e85e83ea4914f5cf5f8a976c58202b6d
Disagreement,47,614,398.0,746,53.35,64.82,semifinal_v1.5.1-bugfix,9727570d238aa4925add04bf363f7611e85e83ea4914f5cf5f8a976c58202b6d
Disagreement,48,627,408.0,746,54.69,65.07,semifinal_v1.5.1-bugfix,9727570d238aa4925add04bf363f7611e85e83ea4914f5cf5f8a976c58202b6d
Disagreement,49,640,415.0,746,55.63,64.84,semifinal_v1.5.1-bugfix,9727570d238aa4925add04bf363f7611e85e83ea4914f5cf5f8a976c58202b6d
Disagreement,50,653,420.0,746,56.3,64.32,semifinal_v1.5.1-bugfix,9727570d238aa4925add04bf363f7611e85e83ea4914f5cf5f8a976c58202b6d
Disagreement,51,666,427.0,746,57.24,64.11,semifinal_v1.5.1-bugfix,9727570d238aa4925add04bf363f7611e85e83ea4914f5cf5f8a976c58202b6d
Disagreement,52,679,432.0,746,57.91,63.62,semifinal_v1.5.1-bugfix,9727570d238aa4925add04bf363f7611e85e83ea4914f5cf5f8a976c58202b6d
Disagreement,53,692,439.0,746,58.85,63.44,semifinal_v1.5.1-bugfix,9727570d238aa4925add04bf363f7611e85e83ea4914f5cf5f8a976c58202b6d
Disagreement,54,705,445.0,746,59.65,63.12,semifinal_v1.5.1-bugfix,9727570d238aa4925add04bf363f7611e85e83ea4914f5cf5f8a976c58202b6d
Disagreement,55,718,451.0,746,60.46,62.81,semifinal_v1.5.1-bugfix,9727570d238aa4925add04bf363f7611e85e83ea4914f5cf5f8a976c58202b6d
Disagreement,56,731,455.0,746,60.99,62.24,semifinal_v1.5.1-bugfix,9727570d238aa4925add04bf363f7611e85e83ea4914f5cf5f8a976c58202b6d
Disagreement,57,744,462.0,746,61.93,62.1,semifinal_v1.5.1-bugfix,9727570d238aa4925add04bf363f7611e85e83ea4914f5cf5f8a976c58202b6d
Disagreement,58,757,469.0,746,62.87,61.96,semifinal_v1.5.1-bugfix,9727570d238aa4925add04bf363f7611e85e83ea4914f5cf5f8a976c58202b6d
Disagreement,59,771,476.0,746,63.81,61.74,semifinal_v1.5.1-bugfix,9727570d238aa4925add04bf363f7611e85e83ea4914f5cf5f8a976c58202b6d
Disagreement,60,784,480.0,746,64.34,61.22,semifinal_v1.5.1-bugfix,9727570d238aa4925add04bf363f7611e85e83ea4914f5cf5f8a976c58202b6d
TrustRisk,0,0,0.0,746,0.0,0.0,semifinal_v1.5.1-bugfix,9727570d238aa4925add04bf363f7611e85e83ea4914f5cf5f8a976c58202b6d
TrustRisk,1,13,13.0,746,1.74,100.0,semifinal_v1.5.1-bugfix,9727570d238aa4925add04bf363f7611e85e83ea4914f5cf5f8a976c58202b6d
TrustRisk,2,26,26.0,746,3.49,100.0,semifinal_v1.5.1-bugfix,9727570d238aa4925add04bf363f7611e85e83ea4914f5cf5f8a976c58202b6d
TrustRisk,3,39,39.0,746,5.23,100.0,semifinal_v1.5.1-bugfix,9727570d238aa4925add04bf363f7611e85e83ea4914f5cf5f8a976c58202b6d
TrustRisk,4,52,52.0,746,6.97,100.0,semifinal_v1.5.1-bugfix,9727570d238aa4925add04bf363f7611e85e83ea4914f5cf5f8a976c58202b6d
TrustRisk,5,65,65.0,746,8.71,100.0,semifinal_v1.5.1-bugfix,9727570d238aa4925add04bf363f7611e85e83ea4914f5cf5f8a976c58202b6d
TrustRisk,6,78,78.0,746,10.46,100.0,semifinal_v1.5.1-bugfix,9727570d238aa4925add04bf363f7611e85e83ea4914f5cf5f8a976c58202b6d
TrustRisk,7,91,91.0,746,12.2,100.0,semifinal_v1.5.1-bugfix,9727570d238aa4925add04bf363f7611e85e83ea4914f5cf5f8a976c58202b6d
TrustRisk,8,104,104.0,746,13.94,100.0,semifinal_v1.5.1-bugfix,9727570d238aa4925add04bf363f7611e85e83ea4914f5cf5f8a976c58202b6d
TrustRisk,9,118,118.0,746,15.82,100.0,semifinal_v1.5.1-bugfix,9727570d238aa4925add04bf363f7611e85e83ea4914f5cf5f8a976c58202b6d
TrustRisk,10,131,130.0,746,17.43,99.24,semifinal_v1.5.1-bugfix,9727570d238aa4925add04bf363f7611e85e83ea4914f5cf5f8a976c58202b6d
TrustRisk,11,144,143.0,746,19.17,99.31,semifinal_v1.5.1-bugfix,9727570d238aa4925add04bf363f7611e85e83ea4914f5cf5f8a976c58202b6d
TrustRisk,12,157,156.0,746,20.91,99.36,semifinal_v1.5.1-bugfix,9727570d238aa4925add04bf363f7611e85e83ea4914f5cf5f8a976c58202b6d
TrustRisk,13,170,169.0,746,22.65,99.41,semifinal_v1.5.1-bugfix,9727570d238aa4925add04bf363f7611e85e83ea4914f5cf5f8a976c58202b6d
TrustRisk,14,183,179.0,746,23.99,97.81,semifinal_v1.5.1-bugfix,9727570d238aa4925add04bf363f7611e85e83ea4914f5cf5f8a976c58202b6d
TrustRisk,15,196,192.0,746,25.74,97.96,semifinal_v1.5.1-bugfix,9727570d238aa4925add04bf363f7611e85e83ea4914f5cf5f8a976c58202b6d
TrustRisk,16,209,205.0,746,27.48,98.09,semifinal_v1.5.1-bugfix,9727570d238aa4925add04bf363f7611e85e83ea4914f5cf5f8a976c58202b6d
TrustRisk,17,222,218.0,746,29.22,98.2,semifinal_v1.5.1-bugfix,9727570d238aa4925add04bf363f7611e85e83ea4914f5cf5f8a976c58202b6d
TrustRisk,18,235,231.0,746,30.97,98.3,semifinal_v1.5.1-bugfix,9727570d238aa4925add04bf363f7611e85e83ea4914f5cf5f8a976c58202b6d
TrustRisk,19,248,244.0,746,32.71,98.39,semifinal_v1.5.1-bugfix,9727570d238aa4925add04bf363f7611e85e83ea4914f5cf5f8a976c58202b6d
TrustRisk,20,261,257.0,746,34.45,98.47,semifinal_v1.5.1-bugfix,9727570d238aa4925add04bf363f7611e85e83ea4914f5cf5f8a976c58202b6d
TrustRisk,21,274,270.0,746,36.19,98.54,semifinal_v1.5.1-bugfix,9727570d238aa4925add04bf363f7611e85e83ea4914f5cf5f8a976c58202b6d
TrustRisk,22,287,283.0,746,37.94,98.61,semifinal_v1.5.1-bugfix,9727570d238aa4925add04bf363f7611e85e83ea4914f5cf5f8a976c58202b6d
TrustRisk,23,300,296.0,746,39.68,98.67,semifinal_v1.5.1-bugfix,9727570d238aa4925add04bf363f7611e85e83ea4914f5cf5f8a976c58202b6d
TrustRisk,24,313,309.0,746,41.42,98.72,semifinal_v1.5.1-bugfix,9727570d238aa4925add04bf363f7611e85e83ea4914f5cf5f8a976c58202b6d
TrustRisk,25,326,322.0,746,43.16,98.77,semifinal_v1.5.1-bugfix,9727570d238aa4925add04bf363f7611e85e83ea4914f5cf5f8a976c58202b6d
TrustRisk,26,340,336.0,746,45.04,98.82,semifinal_v1.5.1-bugfix,9727570d238aa4925add04bf363f7611e85e83ea4914f5cf5f8a976c58202b6d
TrustRisk,27,353,345.0,746,46.25,97.73,semifinal_v1.5.1-bugfix,9727570d238aa4925add04bf363f7611e85e83ea4914f5cf5f8a976c58202b6d
TrustRisk,28,366,358.0,746,47.99,97.81,semifinal_v1.5.1-bugfix,9727570d238aa4925add04bf363f7611e85e83ea4914f5cf5f8a976c58202b6d
TrustRisk,29,379,369.0,746,49.46,97.36,semifinal_v1.5.1-bugfix,9727570d238aa4925add04bf363f7611e85e83ea4914f5cf5f8a976c58202b6d
TrustRisk,30,392,382.0,746,51.21,97.45,semifinal_v1.5.1-bugfix,9727570d238aa4925add04bf363f7611e85e83ea4914f5cf5f8a976c58202b6d
TrustRisk,31,405,395.0,746,52.95,97.53,semifinal_v1.5.1-bugfix,9727570d238aa4925add04bf363f7611e85e83ea4914f5cf5f8a976c58202b6d
TrustRisk,32,418,408.0,746,54.69,97.61,semifinal_v1.5.1-bugfix,9727570d238aa4925add04bf363f7611e85e83ea4914f5cf5f8a976c58202b6d
TrustRisk,33,431,421.0,746,56.43,97.68,semifinal_v1.5.1-bugfix,9727570d238aa4925add04bf363f7611e85e83ea4914f5cf5f8a976c58202b6d
TrustRisk,34,444,434.0,746,58.18,97.75,semifinal_v1.5.1-bugfix,9727570d238aa4925add04bf363f7611e85e83ea4914f5cf5f8a976c58202b6d
TrustRisk,35,457,447.0,746,59.92,97.81,semifinal_v1.5.1-bugfix,9727570d238aa4925add04bf363f7611e85e83ea4914f5cf5f8a976c58202b6d
TrustRisk,36,470,460.0,746,61.66,97.87,semifinal_v1.5.1-bugfix,9727570d238aa4925add04bf363f7611e85e83ea4914f5cf5f8a976c58202b6d
TrustRisk,37,483,473.0,746,63.4,97.93,semifinal_v1.5.1-bugfix,9727570d238aa4925add04bf363f7611e85e83ea4914f5cf5f8a976c58202b6d
TrustRisk,38,496,486.0,746,65.15,97.98,semifinal_v1.5.1-bugfix,9727570d238aa4925add04bf363f7611e85e83ea4914f5cf5f8a976c58202b6d
TrustRisk,39,509,499.0,746,66.89,98.04,semifinal_v1.5.1-bugfix,9727570d238aa4925add04bf363f7611e85e83ea4914f5cf5f8a976c58202b6d
TrustRisk,40,522,512.0,746,68.63,98.08,semifinal_v1.5.1-bugfix,9727570d238aa4925add04bf363f7611e85e83ea4914f5cf5f8a976c58202b6d
TrustRisk,41,535,525.0,746,70.38,98.13,semifinal_v1.5.1-bugfix,9727570d238aa4925add04bf363f7611e85e83ea4914f5cf5f8a976c58202b6d
TrustRisk,42,549,539.0,746,72.25,98.18,semifinal_v1.5.1-bugfix,9727570d238aa4925add04bf363f7611e85e83ea4914f5cf5f8a976c58202b6d
TrustRisk,43,562,552.0,746,73.99,98.22,semifinal_v1.5.1-bugfix,9727570d238aa4925add04bf363f7611e85e83ea4914f5cf5f8a976c58202b6d
TrustRisk,44,575,565.0,746,75.74,98.26,semifinal_v1.5.1-bugfix,9727570d238aa4925add04bf363f7611e85e83ea4914f5cf5f8a976c58202b6d
TrustRisk,45,588,578.0,746,77.48,98.3,semifinal_v1.5.1-bugfix,9727570d238aa4925add04bf363f7611e85e83ea4914f5cf5f8a976c58202b6d
TrustRisk,46,601,591.0,746,79.22,98.34,semifinal_v1.5.1-bugfix,9727570d238aa4925add04bf363f7611e85e83ea4914f5cf5f8a976c58202b6d
TrustRisk,47,614,604.0,746,80.97,98.37,semifinal_v1.5.1-bugfix,9727570d238aa4925add04bf363f7611e85e83ea4914f5cf5f8a976c58202b6d
TrustRisk,48,627,615.0,746,82.44,98.09,semifinal_v1.5.1-bugfix,9727570d238aa4925add04bf363f7611e85e83ea4914f5cf5f8a976c58202b6d
TrustRisk,49,640,620.0,746,83.11,96.88,semifinal_v1.5.1-bugfix,9727570d238aa4925add04bf363f7611e85e83ea4914f5cf5f8a976c58202b6d
TrustRisk,50,653,624.0,746,83.65,95.56,semifinal_v1.5.1-bugfix,9727570d238aa4925add04bf363f7611e85e83ea4914f5cf5f8a976c58202b6d
TrustRisk,51,666,627.0,746,84.05,94.14,semifinal_v1.5.1-bugfix,9727570d238aa4925add04bf363f7611e85e83ea4914f5cf5f8a976c58202b6d
TrustRisk,52,679,631.0,746,84.58,92.93,semifinal_v1.5.1-bugfix,9727570d238aa4925add04bf363f7611e85e83ea4914f5cf5f8a976c58202b6d
TrustRisk,53,692,633.0,746,84.85,91.47,semifinal_v1.5.1-bugfix,9727570d238aa4925add04bf363f7611e85e83ea4914f5cf5f8a976c58202b6d
TrustRisk,54,705,636.0,746,85.25,90.21,semifinal_v1.5.1-bugfix,9727570d238aa4925add04bf363f7611e85e83ea4914f5cf5f8a976c58202b6d
TrustRisk,55,718,640.0,746,85.79,89.14,semifinal_v1.5.1-bugfix,9727570d238aa4925add04bf363f7611e85e83ea4914f5cf5f8a976c58202b6d
TrustRisk,56,731,641.0,746,85.92,87.69,semifinal_v1.5.1-bugfix,9727570d238aa4925add04bf363f7611e85e83ea4914f5cf5f8a976c58202b6d
TrustRisk,57,744,643.0,746,86.19,86.42,semifinal_v1.5.1-bugfix,9727570d238aa4925add04bf363f7611e85e83ea4914f5cf5f8a976c58202b6d
TrustRisk,58,757,645.0,746,86.46,85.2,semifinal_v1.5.1-bugfix,9727570d238aa4925add04bf363f7611e85e83ea4914f5cf5f8a976c58202b6d
TrustRisk,59,771,653.0,746,87.53,84.7,semifinal_v1.5.1-bugfix,9727570d238aa4925add04bf363f7611e85e83ea4914f5cf5f8a976c58202b6d
TrustRisk,60,784,656.0,746,87.94,83.67,semifinal_v1.5.1-bugfix,9727570d238aa4925add04bf363f7611e85e83ea4914f5cf5f8a976c58202b6d
